year,sigungu_name,dong_name,num_establishments,num_employees
2010,가평군,가평읍,1849,7670.0
2010,가평군,북면,520,1538.0
2010,가평군,상면,416,1569.0
2010,가평군,설악면,732,2916.0
2010,가평군,청평면,1234,4019.0
2010,가평군,하면,744,2494.0
2010,고양시 덕양구,고양동,1378,5187.0
2010,고양시 덕양구,관산동,1589,6344.0
2010,고양시 덕양구,능곡동,858,2758.0
2010,고양시 덕양구,대덕동,416,3028.0
2010,고양시 덕양구,성사1동,1738,5657.0
2010,고양시 덕양구,성사2동,444,1457.0
2010,고양시 덕양구,신도동,327,1057.0
2010,고양시 덕양구,원신동,149,1199.0
2010,고양시 덕양구,주교동,1176,4673.0
2010,고양시 덕양구,창릉동,544,2122.0
2010,고양시 덕양구,행신1동,859,3079.0
2010,고양시 덕양구,행신2동,1577,7313.0
2010,고양시 덕양구,행신3동,1375,5121.0
2010,고양시 덕양구,행주동,1400,5545.0
2010,고양시 덕양구,화전동,575,2252.0
2010,고양시 덕양구,화정1동,1805,9725.0
2010,고양시 덕양구,화정2동,1744,9482.0
2010,고양시 덕양구,효자동,206,1398.0
2010,고양시 덕양구,흥도동,277,1379.0
2010,고양시 일산동구,고봉동,2162,13348.0
2010,고양시 일산동구,마두1동,1196,7918.0
2010,고양시 일산동구,마두2동,773,3947.0
2010,고양시 일산동구,백석1동,1568,10838.0
2010,고양시 일산동구,백석2동,1495,7632.0
2010,고양시 일산동구,식사동,1180,5369.0
2010,고양시 일산동구,장항1동,1296,7822.0
2010,고양시 일산동구,장항2동,4491,29501.0
2010,고양시 일산동구,정발산동,1513,6152.0
2010,고양시 일산동구,중산동,1406,5442.0
2010,고양시 일산동구,풍산동,1266,4873.0
2010,고양시 일산서구,대화동,2147,12852.0
2010,고양시 일산서구,송산동,2616,11971.0
2010,고양시 일산서구,송포동,638,2887.0
2010,고양시 일산서구,일산1동,854,2295.0
2010,고양시 일산서구,일산2동,1360,3860.0
2010,고양시 일산서구,일산3동,1105,4026.0
2010,고양시 일산서구,주엽1동,1377,5163.0
2010,고양시 일산서구,주엽2동,1353,6249.0
2010,고양시 일산서구,탄현동,1373,6269.0
2010,과천시,갈현동,238,1518.0
2010,과천시,과천동,932,7175.0
2010,과천시,문원동,241,2310.0
2010,과천시,별양동,1214,11079.0
2010,과천시,부림동,157,664.0
2010,과천시,중앙동,627,11927.0
2010,광명시,광명1동,479,927.0
2010,광명시,광명2동,674,1523.0
2010,광명시,광명3동,1394,4466.0
2010,광명시,광명4동,1055,2862.0
2010,광명시,광명5동,646,1911.0
2010,광명시,광명6동,1137,4447.0
2010,광명시,광명7동,1109,3852.0
2010,광명시,소하1동,1077,12410.0
2010,광명시,소하2동,1165,4963.0
2010,광명시,철산1동,527,2112.0
2010,광명시,철산2동,722,2397.0
2010,광명시,철산3동,1920,10822.0
2010,광명시,철산4동,351,759.0
2010,광명시,하안1동,973,5213.0
2010,광명시,하안2동,516,1941.0
2010,광명시,하안3동,1309,6223.0
2010,광명시,하안4동,329,1445.0
2010,광명시,학온동,1052,4903.0
2010,광주시,경안동,2607,9344.0
2010,광주시,광남동,2412,13979.0
2010,광주시,남종면,94,377.0
2010,광주시,도척면,1154,7649.0
2010,광주시,송정동,2104,11427.0
2010,광주시,실촌읍,2209,12522.0
2010,광주시,오포읍,4020,21323.0
2010,광주시,중부면,252,984.0
2010,광주시,초월읍,3025,16813.0
2010,광주시,퇴촌면,569,1760.0
2010,구리시,갈매동,408,1890.0
2010,구리시,교문1동,1408,7710.0
2010,구리시,교문2동,663,2668.0
2010,구리시,동구동,2380,10958.0
2010,구리시,수택1동,2539,9364.0
2010,구리시,수택2동,1663,4513.0
2010,구리시,수택3동,1210,7242.0
2010,구리시,인창동,1334,6966.0
2010,군포시,광정동,2252,12098.0
2010,군포시,군포1동,3926,29769.0
2010,군포시,군포2동,1593,11317.0
2010,군포시,궁내동,401,1720.0
2010,군포시,금정동,2165,12822.0
2010,군포시,대야동,397,2192.0
2010,군포시,산본1동,1798,6896.0
2010,군포시,산본2동,666,4806.0
2010,군포시,수리동,274,1170.0
2010,군포시,오금동,327,1241.0
2010,군포시,재궁동,767,4465.0
2010,김포시,고촌읍,1198,5257.0
2010,김포시,김포1동,2620,10518.0
2010,김포시,김포2동,1171,4389.0
2010,김포시,대곶면,2986,19439.0
2010,김포시,사우동,1950,10965.0
2010,김포시,양촌면,2478,13928.0
2010,김포시,월곶면,887,6685.0
2010,김포시,통진읍,2637,15592.0
2010,김포시,풍무동,1385,6380.0
2010,김포시,하성면,1272,7264.0
2010,남양주시,금곡동,1395,6517.0
2010,남양주시,도농동,1193,4826.0
2010,남양주시,별내면,1059,4008.0
2010,남양주시,수동면,720,4196.0
2010,남양주시,양정동,634,3411.0
2010,남양주시,오남읍,2074,6891.0
2010,남양주시,와부읍,2582,9631.0
2010,남양주시,조안면,217,828.0
2010,남양주시,지금동,988,5438.0
2010,남양주시,진건읍,1817,8279.0
2010,남양주시,진접읍,4195,16469.0
2010,남양주시,퇴계원면,1082,3426.0
2010,남양주시,평내동,1486,6430.0
2010,남양주시,호평동,1362,5850.0
2010,남양주시,화도읍,4783,19379.0
2010,동두천시,보산동,352,747.0
2010,동두천시,불현동,957,3271.0
2010,동두천시,상패동,348,1755.0
2010,동두천시,생연1동,298,1739.0
2010,동두천시,생연2동,1008,2271.0
2010,동두천시,소요동,555,5233.0
2010,동두천시,송내동,1222,5498.0
2010,동두천시,중앙동,1146,3010.0
2010,부천시 소사구,괴안동,951,2741.0
2010,부천시 소사구,범박동,628,2501.0
2010,부천시 소사구,소사본1동,681,1392.0
2010,부천시 소사구,소사본2동,1034,4907.0
2010,부천시 소사구,소사본3동,1482,4203.0
2010,부천시 소사구,송내1동,1705,8153.0
2010,부천시 소사구,송내2동,1016,5255.0
2010,부천시 소사구,심곡본1동,1235,3127.0
2010,부천시 소사구,심곡본동,1554,4606.0
2010,부천시 소사구,역곡3동,1274,5276.0
2010,부천시 오정구,고강1동,928,2253.0
2010,부천시 오정구,고강본동,1259,3162.0
2010,부천시 오정구,성곡동,1812,5402.0
2010,부천시 오정구,신흥동,5684,35711.0
2010,부천시 오정구,오정동,1348,7391.0
2010,부천시 오정구,원종1동,1355,4288.0
2010,부천시 오정구,원종2동,1190,3183.0
2010,부천시 원미구,도당동,3362,22300.0
2010,부천시 원미구,상1동,1045,4747.0
2010,부천시 원미구,상2동,2363,12716.0
2010,부천시 원미구,상3동,1818,10316.0
2010,부천시 원미구,상동,2045,10148.0
2010,부천시 원미구,소사동,556,2589.0
2010,부천시 원미구,심곡1동,1040,5781.0
2010,부천시 원미구,심곡2동,2506,10140.0
2010,부천시 원미구,심곡3동,839,2398.0
2010,부천시 원미구,약대동,870,5436.0
2010,부천시 원미구,역곡1동,1048,3088.0
2010,부천시 원미구,역곡2동,824,3206.0
2010,부천시 원미구,원미1동,1694,8386.0
2010,부천시 원미구,원미2동,907,1937.0
2010,부천시 원미구,중1동,2767,19977.0
2010,부천시 원미구,중2동,954,7242.0
2010,부천시 원미구,중3동,967,5280.0
2010,부천시 원미구,중4동,610,3117.0
2010,부천시 원미구,중동,1375,3857.0
2010,부천시 원미구,춘의동,2041,11669.0
2010,성남시 분당구,구미1동,1294,8170.0
2010,성남시 분당구,구미동,1500,15739.0
2010,성남시 분당구,금곡동,1553,9618.0
2010,성남시 분당구,백현동,165,734.0
2010,성남시 분당구,분당동,421,2652.0
2010,성남시 분당구,삼평동,286,6155.0
2010,성남시 분당구,서현1동,2797,27191.0
2010,성남시 분당구,서현2동,795,2831.0
2010,성남시 분당구,수내1동,1781,14924.0
2010,성남시 분당구,수내2동,491,1443.0
2010,성남시 분당구,수내3동,498,2133.0
2010,성남시 분당구,야탑1동,2280,17988.0
2010,성남시 분당구,야탑2동,503,3352.0
2010,성남시 분당구,야탑3동,2043,13166.0
2010,성남시 분당구,운중동,312,2160.0
2010,성남시 분당구,이매1동,723,4246.0
2010,성남시 분당구,이매2동,411,1620.0
2010,성남시 분당구,정자1동,2946,26684.0
2010,성남시 분당구,정자2동,268,1039.0
2010,성남시 분당구,정자3동,323,6124.0
2010,성남시 분당구,판교동,331,3108.0
2010,성남시 수정구,고등동,227,1010.0
2010,성남시 수정구,단대동,603,3050.0
2010,성남시 수정구,복정동,1012,9176.0
2010,성남시 수정구,산성동,582,1653.0
2010,성남시 수정구,수진1동,944,2481.0
2010,성남시 수정구,수진2동,1197,6161.0
2010,성남시 수정구,시흥동,299,3990.0
2010,성남시 수정구,신촌동,105,535.0
2010,성남시 수정구,신흥1동,1336,3826.0
2010,성남시 수정구,신흥2동,1085,4613.0
2010,성남시 수정구,신흥3동,1189,3647.0
2010,성남시 수정구,양지동,461,1660.0
2010,성남시 수정구,태평1동,981,2928.0
2010,성남시 수정구,태평2동,950,3295.0
2010,성남시 수정구,태평3동,980,2619.0
2010,성남시 수정구,태평4동,624,1795.0
2010,성남시 중원구,금광1동,1215,3154.0
2010,성남시 중원구,금광2동,1676,4680.0
2010,성남시 중원구,도촌동,415,3334.0
2010,성남시 중원구,상대원1동,3784,43612.0
2010,성남시 중원구,상대원2동,1255,6339.0
2010,성남시 중원구,상대원3동,1004,2377.0
2010,성남시 중원구,성남동,3037,10383.0
2010,성남시 중원구,은행1동,269,615.0
2010,성남시 중원구,은행2동,1009,2469.0
2010,성남시 중원구,중동,1525,3445.0
2010,성남시 중원구,하대원동,1438,6590.0
2010,수원시 권선구,곡선동,1400,5181.0
2010,수원시 권선구,구운동,1387,6441.0
2010,수원시 권선구,권선1동,2585,10947.0
2010,수원시 권선구,권선2동,1240,5396.0
2010,수원시 권선구,금호동,993,2960.0
2010,수원시 권선구,서둔동,1855,11439.0
2010,수원시 권선구,세류1동,211,773.0
2010,수원시 권선구,세류2동,1569,5541.0
2010,수원시 권선구,세류3동,1384,4511.0
2010,수원시 권선구,입북동,459,1653.0
2010,수원시 권선구,평동,2429,18039.0
2010,수원시 영통구,매탄1동,753,2076.0
2010,수원시 영통구,매탄2동,998,3468.0
2010,수원시 영통구,매탄3동,1639,43163.0
2010,수원시 영통구,매탄4동,868,2707.0
2010,수원시 영통구,영통1동,2463,12041.0
2010,수원시 영통구,영통2동,1663,11976.0
2010,수원시 영통구,원천동,1947,23764.0
2010,수원시 영통구,태장동,1589,11391.0
2010,수원시 장안구,송죽동,1886,6998.0
2010,수원시 장안구,연무동,1184,5244.0
2010,수원시 장안구,영화동,2089,7784.0
2010,수원시 장안구,율천동,1570,6473.0
2010,수원시 장안구,정자1동,867,4318.0
2010,수원시 장안구,정자2동,1389,5932.0
2010,수원시 장안구,정자3동,1575,8515.0
2010,수원시 장안구,조원1동,1409,5395.0
2010,수원시 장안구,조원2동,551,3752.0
2010,수원시 장안구,파장동,1596,10122.0
2010,수원시 팔달구,고등동,680,1869.0
2010,수원시 팔달구,매교동,1051,4200.0
2010,수원시 팔달구,매산동,2232,12452.0
2010,수원시 팔달구,우만1동,1344,6788.0
2010,수원시 팔달구,우만2동,732,5277.0
2010,수원시 팔달구,인계동,4755,36110.0
2010,수원시 팔달구,지동,963,4542.0
2010,수원시 팔달구,행궁동,2397,6894.0
2010,수원시 팔달구,화서1동,1302,3565.0
2010,수원시 팔달구,화서2동,840,3522.0
2010,시흥시,과림동,1834,6742.0
2010,시흥시,군자동,1906,6353.0
2010,시흥시,능곡동,345,1318.0
2010,시흥시,대야동,3309,12914.0
2010,시흥시,매화동,832,3080.0
2010,시흥시,목감동,1039,4134.0
2010,시흥시,신천동,3213,10222.0
2010,시흥시,신현동,1280,5078.0
2010,시흥시,연성동,2185,9037.0
2010,시흥시,은행동,1704,7734.0
2010,시흥시,정왕1동,5232,37924.0
2010,시흥시,정왕2동,3249,24060.0
2010,시흥시,정왕3동,2970,20692.0
2010,시흥시,정왕4동,722,2252.0
2010,시흥시,정왕본동,1979,5869.0
2010,안산시 단원구,고잔1동,920,8288.0
2010,안산시 단원구,고잔2동,3021,17264.0
2010,안산시 단원구,대부동,726,2355.0
2010,안산시 단원구,선부1동,554,2981.0
2010,안산시 단원구,선부2동,1483,4830.0
2010,안산시 단원구,선부3동,1454,4749.0
2010,안산시 단원구,와동,2009,5177.0
2010,안산시 단원구,원곡1동,490,1302.0
2010,안산시 단원구,원곡2동,741,1927.0
2010,안산시 단원구,원곡본동,4349,26173.0
2010,안산시 단원구,초지동,7504,105736.0
2010,안산시 단원구,호수동,4285,21473.0
2010,안산시 상록구,반월동,1014,5468.0
2010,안산시 상록구,본오1동,1989,6847.0
2010,안산시 상록구,본오2동,1360,4184.0
2010,안산시 상록구,본오3동,1478,4987.0
2010,안산시 상록구,부곡동,1055,3164.0
2010,안산시 상록구,사1동,1549,6324.0
2010,안산시 상록구,사2동,1493,6416.0
2010,안산시 상록구,사3동,773,5065.0
2010,안산시 상록구,성포동,942,3583.0
2010,안산시 상록구,안산동,713,2860.0
2010,안산시 상록구,월피동,2101,6204.0
2010,안산시 상록구,이동,2232,8857.0
2010,안산시 상록구,일동,1043,3602.0
2010,안성시,고삼면,122,914.0
2010,안성시,공도읍,2015,10528.0
2010,안성시,금광면,337,1421.0
2010,안성시,대덕면,760,6105.0
2010,안성시,미양면,524,7707.0
2010,안성시,보개면,330,3321.0
2010,안성시,삼죽면,283,2368.0
2010,안성시,서운면,268,3557.0
2010,안성시,안성1동,1092,5702.0
2010,안성시,안성2동,1734,6326.0
2010,안성시,안성3동,1611,9400.0
2010,안성시,양성면,450,3466.0
2010,안성시,원곡면,630,6582.0
2010,안성시,일죽면,741,3827.0
2010,안성시,죽산면,652,3469.0
2010,안양시 동안구,갈산동,394,1724.0
2010,안양시 동안구,관양1동,1876,7178.0
2010,안양시 동안구,관양2동,2559,26062.0
2010,안양시 동안구,귀인동,1197,4911.0
2010,안양시 동안구,달안동,663,5607.0
2010,안양시 동안구,범계동,1994,10546.0
2010,안양시 동안구,부림동,1820,15821.0
2010,안양시 동안구,부흥동,784,4829.0
2010,안양시 동안구,비산1동,710,2942.0
2010,안양시 동안구,비산2동,603,2346.0
2010,안양시 동안구,비산3동,1092,4507.0
2010,안양시 동안구,신촌동,681,3406.0
2010,안양시 동안구,평안동,461,3370.0
2010,안양시 동안구,평촌동,1035,8377.0
2010,안양시 동안구,호계1동,3867,20508.0
2010,안양시 동안구,호계2동,2575,11588.0
2010,안양시 동안구,호계3동,1066,4112.0
2010,안양시 만안구,박달1동,1160,3167.0
2010,안양시 만안구,박달2동,614,4789.0
2010,안양시 만안구,석수1동,754,3125.0
2010,안양시 만안구,석수2동,1406,6082.0
2010,안양시 만안구,석수3동,482,1405.0
2010,안양시 만안구,안양1동,2603,9475.0
2010,안양시 만안구,안양2동,1688,5802.0
2010,안양시 만안구,안양3동,1076,4115.0
2010,안양시 만안구,안양4동,1665,4964.0
2010,안양시 만안구,안양5동,981,5317.0
2010,안양시 만안구,안양6동,1716,8926.0
2010,안양시 만안구,안양7동,1868,13555.0
2010,안양시 만안구,안양8동,805,4332.0
2010,안양시 만안구,안양9동,545,1368.0
2010,양주시,광적면,1747,9841.0
2010,양주시,남면,1115,8781.0
2010,양주시,백석읍,1643,5858.0
2010,양주시,양주1동,785,3337.0
2010,양주시,양주2동,1711,5865.0
2010,양주시,은현면,1181,7915.0
2010,양주시,장흥면,1051,4207.0
2010,양주시,회천1동,971,5049.0
2010,양주시,회천2동,1589,7540.0
2010,양주시,회천3동,1103,3887.0
2010,양주시,회천4동,462,2300.0
2010,양평군,강상면,247,1015.0
2010,양평군,강하면,194,648.0
2010,양평군,개군면,223,631.0
2010,양평군,단월면,205,689.0
2010,양평군,서종면,470,1138.0
2010,양평군,양동면,217,596.0
2010,양평군,양서면,611,2395.0
2010,양평군,양평읍,2175,9021.0
2010,양평군,옥천면,374,1285.0
2010,양평군,용문면,1030,3270.0
2010,양평군,지평면,278,1113.0
2010,양평군,청운면,220,683.0
2010,연천군,군남면,186,693.0
2010,연천군,미산면,89,259.0
2010,연천군,백학면,198,613.0
2010,연천군,신서면,225,511.0
2010,연천군,연천읍,559,2991.0
2010,연천군,왕징면,48,183.0
2010,연천군,장남면,25,99.0
2010,연천군,전곡읍,1645,5551.0
2010,연천군,중면,9,18.0
2010,연천군,청산면,306,1663.0
2010,오산시,남촌동,1370,6665.0
2010,오산시,대원동,3539,15994.0
2010,오산시,세마동,606,4205.0
2010,오산시,신장동,1284,4456.0
2010,오산시,중앙동,1872,7882.0
2010,오산시,초평동,512,3908.0
2010,용인시 기흥구,구갈동,1770,10843.0
2010,용인시 기흥구,구성동,752,4056.0
2010,용인시 기흥구,기흥동,636,14250.0
2010,용인시 기흥구,동백동,1700,7454.0
2010,용인시 기흥구,마북동,855,10429.0
2010,용인시 기흥구,보정동,1501,9947.0
2010,용인시 기흥구,상갈동,1586,9039.0
2010,용인시 기흥구,상하동,620,3631.0
2010,용인시 기흥구,서농동,430,22569.0
2010,용인시 기흥구,신갈동,1467,6491.0
2010,용인시 기흥구,영덕동,1148,8663.0
2010,용인시 수지구,동천동,1031,6890.0
2010,용인시 수지구,상현1동,436,1850.0
2010,용인시 수지구,상현2동,880,3119.0
2010,용인시 수지구,성복동,691,3061.0
2010,용인시 수지구,신봉동,648,3231.0
2010,용인시 수지구,죽전1동,1775,11233.0
2010,용인시 수지구,죽전2동,763,4101.0
2010,용인시 수지구,풍덕천1동,1776,6942.0
2010,용인시 수지구,풍덕천2동,1092,6220.0
2010,용인시 처인구,남사면,672,8470.0
2010,용인시 처인구,동부동,1097,4933.0
2010,용인시 처인구,모현면,1756,8676.0
2010,용인시 처인구,백암면,810,4714.0
2010,용인시 처인구,양지면,1333,7891.0
2010,용인시 처인구,역삼동,1266,8091.0
2010,용인시 처인구,원삼면,577,4495.0
2010,용인시 처인구,유림동,1150,6927.0
2010,용인시 처인구,이동면,1108,7837.0
2010,용인시 처인구,중앙동,2805,11817.0
2010,용인시 처인구,포곡읍,1671,10843.0
2010,의왕시,고천동,1314,10699.0
2010,의왕시,내손1동,861,4056.0
2010,의왕시,내손2동,908,2301.0
2010,의왕시,부곡동,1334,8086.0
2010,의왕시,오전동,1671,7994.0
2010,의왕시,청계동,617,4690.0
2010,의정부시,가능1동,1659,5847.0
2010,의정부시,가능2동,737,2167.0
2010,의정부시,가능3동,513,2507.0
2010,의정부시,녹양동,970,3697.0
2010,의정부시,송산1동,1613,8281.0
2010,의정부시,송산2동,1100,4366.0
2010,의정부시,신곡1동,1564,4833.0
2010,의정부시,신곡2동,1893,8023.0
2010,의정부시,의정부1동,4327,13155.0
2010,의정부시,의정부2동,2738,18958.0
2010,의정부시,의정부3동,1255,4732.0
2010,의정부시,자금동,1885,8570.0
2010,의정부시,장암동,570,2252.0
2010,의정부시,호원1동,1312,5784.0
2010,의정부시,호원2동,1150,3954.0
2010,이천시,관고동,891,4116.0
2010,이천시,대월면,545,3508.0
2010,이천시,마장면,842,7260.0
2010,이천시,모가면,306,2872.0
2010,이천시,백사면,424,2609.0
2010,이천시,부발읍,1594,26930.0
2010,이천시,설성면,270,1427.0
2010,이천시,신둔면,674,4205.0
2010,이천시,율면,129,527.0
2010,이천시,장호원읍,1202,3753.0
2010,이천시,중리동,1666,8358.0
2010,이천시,증포동,1470,5689.0
2010,이천시,창전동,2360,7820.0
2010,이천시,호법면,354,3548.0
2010,파주시,광탄면,1427,9048.0
2010,파주시,교하읍,4214,27115.0
2010,파주시,군내면,21,109.0
2010,파주시,금촌1동,1800,9846.0
2010,파주시,금촌2동,3271,13825.0
2010,파주시,문산읍,2027,9735.0
2010,파주시,법원읍,999,4761.0
2010,파주시,월롱면,915,15444.0
2010,파주시,적성면,567,1642.0
2010,파주시,조리읍,1888,10397.0
2010,파주시,탄현면,1106,7863.0
2010,파주시,파주읍,881,5467.0
2010,파주시,파평면,251,1262.0
2010,평택시,고덕면,759,4866.0
2010,평택시,비전1동,907,5442.0
2010,평택시,비전2동,2252,10664.0
2010,평택시,서정동,2185,7334.0
2010,평택시,서탄면,672,7022.0
2010,평택시,세교동,1432,8165.0
2010,평택시,송북동,1201,4000.0
2010,평택시,송탄동,844,14744.0
2010,평택시,신장1동,336,821.0
2010,평택시,신장2동,963,1891.0
2010,평택시,신평동,3317,14149.0
2010,평택시,안중읍,2106,9185.0
2010,평택시,오성면,370,2096.0
2010,평택시,원평동,655,2046.0
2010,평택시,중앙동,2665,10472.0
2010,평택시,지산동,697,2447.0
2010,평택시,진위면,842,17978.0
2010,평택시,청북면,829,11924.0
2010,평택시,통복동,1093,2781.0
2010,평택시,팽성읍,1471,6503.0
2010,평택시,포승읍,1772,18919.0
2010,평택시,현덕면,335,1032.0
2010,포천시,가남면,936,5888.0
2010,포천시,가산면,1973,11021.0
2010,포천시,강천면,170,1032.0
2010,포천시,관인면,196,629.0
2010,포천시,군내면,750,4670.0
2010,포천시,금사면,201,609.0
2010,포천시,내촌면,982,6086.0
2010,포천시,능서면,338,1787.0
2010,포천시,대신면,383,1205.0
2010,포천시,북내면,289,1796.0
2010,포천시,산북면,151,696.0
2010,포천시,선단동,1181,7688.0
2010,포천시,소흘읍,3764,14752.0
2010,포천시,신북면,796,5619.0
2010,포천시,여주군,7309,34377.0
2010,포천시,여주읍,4336,18795.0
2010,포천시,영북면,806,2232.0
2010,포천시,영중면,529,2766.0
2010,포천시,이동면,449,1423.0
2010,포천시,일동면,851,2970.0
2010,포천시,점동면,293,1796.0
2010,포천시,창수면,133,931.0
2010,포천시,포천동,1767,7145.0
2010,포천시,화현면,225,1804.0
2010,포천시,흥천면,212,773.0
2010,하남시,감북동,1131,6791.0
2010,하남시,덕풍1동,605,1626.0
2010,하남시,덕풍2동,816,2528.0
2010,하남시,덕풍3동,1096,6818.0
2010,하남시,신장1동,1015,2693.0
2010,하남시,신장2동,1809,8085.0
2010,하남시,천현동,1209,7569.0
2010,하남시,초이동,679,4007.0
2010,하남시,춘궁동,661,3828.0
2010,하남시,풍산동,1143,6222.0
2010,화성시,기배동,839,3984.0
2010,화성시,남양동,2160,23742.0
2010,화성시,동탄1동,2279,14784.0
2010,화성시,동탄2동,666,3132.0
2010,화성시,동탄3동,769,3417.0
2010,화성시,동탄면,699,14830.0
2010,화성시,마도면,914,9031.0
2010,화성시,매송면,492,1618.0
2010,화성시,반월동,1492,21605.0
2010,화성시,병점1동,1055,4196.0
2010,화성시,병점2동,824,3760.0
2010,화성시,봉담읍,4161,22114.0
2010,화성시,비봉면,811,5029.0
2010,화성시,서신면,753,3283.0
2010,화성시,송산면,822,3146.0
2010,화성시,양감면,818,9460.0
2010,화성시,우정읍,1107,20287.0
2010,화성시,장안면,1126,11917.0
2010,화성시,정남면,2869,19235.0
2010,화성시,진안동,2602,11575.0
2010,화성시,팔탄면,3157,26195.0
2010,화성시,향남읍,3172,22421.0
2010,화성시,화산동,1376,7536.0
2015,가평군,가평읍,2005,8160.0
2015,가평군,북면,606,1814.0
2015,가평군,상면,546,2272.0
2015,가평군,설악면,823,3759.0
2015,가평군,조종면,813,2950.0
2015,가평군,청평면,1400,4638.0
2015,고양시 덕양구,고양동,1505,6322.0
2015,고양시 덕양구,관산동,1754,6768.0
2015,고양시 덕양구,능곡동,999,4184.0
2015,고양시 덕양구,대덕동,624,4042.0
2015,고양시 덕양구,성사1동,1830,6030.0
2015,고양시 덕양구,성사2동,427,1504.0
2015,고양시 덕양구,신도동,548,1961.0
2015,고양시 덕양구,원신동,505,2565.0
2015,고양시 덕양구,주교동,1064,4645.0
2015,고양시 덕양구,창릉동,1306,6586.0
2015,고양시 덕양구,행신1동,864,2764.0
2015,고양시 덕양구,행신2동,1670,7270.0
2015,고양시 덕양구,행신3동,1578,7050.0
2015,고양시 덕양구,행주동,1435,5683.0
2015,고양시 덕양구,화전동,517,2046.0
2015,고양시 덕양구,화정1동,1960,10278.0
2015,고양시 덕양구,화정2동,2016,10641.0
2015,고양시 덕양구,효자동,184,1090.0
2015,고양시 덕양구,흥도동,892,3984.0
2015,고양시 일산동구,고봉동,3714,18887.0
2015,고양시 일산동구,마두1동,1308,8675.0
2015,고양시 일산동구,마두2동,1015,4688.0
2015,고양시 일산동구,백석1동,2014,12676.0
2015,고양시 일산동구,백석2동,2027,10491.0
2015,고양시 일산동구,식사동,1599,9807.0
2015,고양시 일산동구,장항1동,1891,10061.0
2015,고양시 일산동구,장항2동,5864,34297.0
2015,고양시 일산동구,정발산동,1578,6077.0
2015,고양시 일산동구,중산동,1672,7463.0
2015,고양시 일산동구,풍산동,1510,6783.0
2015,고양시 일산서구,대화동,2697,17061.0
2015,고양시 일산서구,송산동,3510,16218.0
2015,고양시 일산서구,송포동,829,3793.0
2015,고양시 일산서구,일산1동,867,2529.0
2015,고양시 일산서구,일산2동,1424,3855.0
2015,고양시 일산서구,일산3동,1126,3959.0
2015,고양시 일산서구,주엽1동,1360,4907.0
2015,고양시 일산서구,주엽2동,1603,6664.0
2015,고양시 일산서구,탄현동,1583,6620.0
2015,과천시,갈현동,299,1741.0
2015,과천시,과천동,1165,9950.0
2015,과천시,문원동,459,2975.0
2015,과천시,별양동,1129,8850.0
2015,과천시,부림동,154,705.0
2015,과천시,중앙동,456,8735.0
2015,광명시,광명1동,472,881.0
2015,광명시,광명2동,618,1370.0
2015,광명시,광명3동,1301,4269.0
2015,광명시,광명4동,985,2933.0
2015,광명시,광명5동,572,1843.0
2015,광명시,광명6동,1264,4959.0
2015,광명시,광명7동,1075,4057.0
2015,광명시,소하1동,2094,19144.0
2015,광명시,소하2동,1769,9221.0
2015,광명시,철산1동,386,1917.0
2015,광명시,철산2동,669,2218.0
2015,광명시,철산3동,2233,12066.0
2015,광명시,철산4동,353,875.0
2015,광명시,하안1동,1064,5563.0
2015,광명시,하안2동,491,1998.0
2015,광명시,하안3동,1304,5445.0
2015,광명시,하안4동,298,1354.0
2015,광명시,학온동,1352,6019.0
2015,광주시,경안동,2855,10701.0
2015,광주시,곤지암읍,2920,15603.0
2015,광주시,광남동,3264,17642.0
2015,광주시,남종면,97,349.0
2015,광주시,남한산성면,310,1319.0
2015,광주시,도척면,1595,10051.0
2015,광주시,송정동,2920,13863.0
2015,광주시,오포읍,5491,27311.0
2015,광주시,초월읍,4231,22843.0
2015,광주시,퇴촌면,679,1900.0
2015,구리시,갈매동,330,1699.0
2015,구리시,교문1동,1623,9745.0
2015,구리시,교문2동,739,2367.0
2015,구리시,동구동,3170,15994.0
2015,구리시,수택1동,2628,9736.0
2015,구리시,수택2동,1656,4305.0
2015,구리시,수택3동,1516,8814.0
2015,구리시,인창동,1589,7779.0
2015,군포시,광정동,2389,12154.0
2015,군포시,군포1동,4741,34127.0
2015,군포시,군포2동,2004,12932.0
2015,군포시,궁내동,389,1639.0
2015,군포시,금정동,2241,13561.0
2015,군포시,대야동,432,2525.0
2015,군포시,산본1동,1863,7182.0
2015,군포시,산본2동,720,4706.0
2015,군포시,수리동,284,1190.0
2015,군포시,오금동,331,1320.0
2015,군포시,재궁동,814,5255.0
2015,김포시,고촌읍,1996,9963.0
2015,김포시,구래동,387,1924.0
2015,김포시,김포1동,2791,11062.0
2015,김포시,김포2동,1084,5564.0
2015,김포시,대곶면,4251,26115.0
2015,김포시,사우동,1912,10519.0
2015,김포시,양촌읍,3896,23343.0
2015,김포시,운양동,668,3110.0
2015,김포시,월곶면,1162,8972.0
2015,김포시,장기동,944,3569.0
2015,김포시,통진읍,3392,18243.0
2015,김포시,풍무동,1548,7089.0
2015,김포시,하성면,1721,9595.0
2015,남양주시,금곡동,1517,7712.0
2015,남양주시,도농동,1247,5133.0
2015,남양주시,별내동,1929,8330.0
2015,남양주시,별내면,1017,3873.0
2015,남양주시,수동면,1005,6404.0
2015,남양주시,양정동,1287,5903.0
2015,남양주시,오남읍,2559,9940.0
2015,남양주시,와부읍,3098,12740.0
2015,남양주시,조안면,359,1435.0
2015,남양주시,지금동,1031,5403.0
2015,남양주시,진건읍,2875,13279.0
2015,남양주시,진접읍,5648,24505.0
2015,남양주시,퇴계원면,1253,3936.0
2015,남양주시,평내동,1669,7068.0
2015,남양주시,호평동,1755,9071.0
2015,남양주시,화도읍,5881,23039.0
2015,동두천시,보산동,318,708.0
2015,동두천시,불현동,1061,4118.0
2015,동두천시,상패동,435,2449.0
2015,동두천시,생연1동,278,1999.0
2015,동두천시,생연2동,937,2289.0
2015,동두천시,소요동,569,5824.0
2015,동두천시,송내동,1540,6586.0
2015,동두천시,중앙동,1054,3107.0
2015,부천시 소사구,괴안동,966,3120.0
2015,부천시 소사구,범박동,668,2677.0
2015,부천시 소사구,소사본3동,1436,4448.0
2015,부천시 소사구,소사본동,1661,6496.0
2015,부천시 소사구,송내1동,1860,7569.0
2015,부천시 소사구,송내2동,1100,5895.0
2015,부천시 소사구,심곡본1동,1112,3085.0
2015,부천시 소사구,심곡본동,1555,5146.0
2015,부천시 소사구,역곡3동,1370,5864.0
2015,부천시 오정구,고강1동,791,2168.0
2015,부천시 오정구,고강본동,1311,3776.0
2015,부천시 오정구,성곡동,2015,7345.0
2015,부천시 오정구,신흥동,6435,39146.0
2015,부천시 오정구,오정동,1614,9982.0
2015,부천시 오정구,원종1동,1328,3922.0
2015,부천시 오정구,원종2동,1148,3054.0
2015,부천시 원미구,도당동,3824,23638.0
2015,부천시 원미구,상1동,1057,4832.0
2015,부천시 원미구,상2동,2761,14724.0
2015,부천시 원미구,상3동,2243,10409.0
2015,부천시 원미구,상동,1991,12923.0
2015,부천시 원미구,소사동,505,2542.0
2015,부천시 원미구,심곡1동,1027,5123.0
2015,부천시 원미구,심곡2동,2442,9154.0
2015,부천시 원미구,심곡3동,812,2117.0
2015,부천시 원미구,약대동,1119,6397.0
2015,부천시 원미구,역곡1동,1090,3820.0
2015,부천시 원미구,역곡2동,920,3455.0
2015,부천시 원미구,원미1동,1717,7215.0
2015,부천시 원미구,원미2동,773,1771.0
2015,부천시 원미구,중1동,3987,23409.0
2015,부천시 원미구,중2동,1300,7935.0
2015,부천시 원미구,중3동,1027,7508.0
2015,부천시 원미구,중4동,645,3267.0
2015,부천시 원미구,중동,1346,4018.0
2015,부천시 원미구,춘의동,2263,13033.0
2015,성남시 분당구,구미1동,1622,9118.0
2015,성남시 분당구,구미동,1805,20119.0
2015,성남시 분당구,금곡동,1780,11422.0
2015,성남시 분당구,백현동,1338,6578.0
2015,성남시 분당구,분당동,501,2929.0
2015,성남시 분당구,삼평동,2652,68970.0
2015,성남시 분당구,서현1동,3786,32201.0
2015,성남시 분당구,서현2동,828,2999.0
2015,성남시 분당구,수내1동,2613,18897.0
2015,성남시 분당구,수내2동,542,1641.0
2015,성남시 분당구,수내3동,506,2117.0
2015,성남시 분당구,야탑1동,2661,22296.0
2015,성남시 분당구,야탑2동,569,2907.0
2015,성남시 분당구,야탑3동,2356,12955.0
2015,성남시 분당구,운중동,878,5397.0
2015,성남시 분당구,이매1동,767,4675.0
2015,성남시 분당구,이매2동,433,3044.0
2015,성남시 분당구,정자1동,2514,26274.0
2015,성남시 분당구,정자2동,265,1082.0
2015,성남시 분당구,정자3동,347,3725.0
2015,성남시 분당구,정자동,1169,4348.0
2015,성남시 분당구,판교동,822,5505.0
2015,성남시 수정구,고등동,232,988.0
2015,성남시 수정구,단대동,723,3941.0
2015,성남시 수정구,복정동,1181,10108.0
2015,성남시 수정구,산성동,578,1934.0
2015,성남시 수정구,수진1동,879,2660.0
2015,성남시 수정구,수진2동,1215,6703.0
2015,성남시 수정구,시흥동,471,4224.0
2015,성남시 수정구,신촌동,174,733.0
2015,성남시 수정구,신흥1동,1221,4237.0
2015,성남시 수정구,신흥2동,1358,5158.0
2015,성남시 수정구,신흥3동,1164,3371.0
2015,성남시 수정구,양지동,479,2035.0
2015,성남시 수정구,위례동,50,291.0
2015,성남시 수정구,태평1동,1040,4050.0
2015,성남시 수정구,태평2동,943,3182.0
2015,성남시 수정구,태평3동,933,2411.0
2015,성남시 수정구,태평4동,598,2032.0
2015,성남시 중원구,금광1동,1169,3746.0
2015,성남시 중원구,금광2동,1662,5367.0
2015,성남시 중원구,도촌동,1091,7073.0
2015,성남시 중원구,상대원1동,4820,46492.0
2015,성남시 중원구,상대원2동,1195,6224.0
2015,성남시 중원구,상대원3동,965,2155.0
2015,성남시 중원구,성남동,3385,13444.0
2015,성남시 중원구,은행1동,245,551.0
2015,성남시 중원구,은행2동,972,2562.0
2015,성남시 중원구,중앙동,1461,3175.0
2015,성남시 중원구,하대원동,1510,6588.0
2015,수원시 권선구,곡선동,1694,6403.0
2015,수원시 권선구,구운동,1587,7030.0
2015,수원시 권선구,권선1동,2786,14141.0
2015,수원시 권선구,권선2동,1469,6739.0
2015,수원시 권선구,금호동,1860,6036.0
2015,수원시 권선구,서둔동,2381,12169.0
2015,수원시 권선구,세류1동,260,1150.0
2015,수원시 권선구,세류2동,1561,5180.0
2015,수원시 권선구,세류3동,1412,5001.0
2015,수원시 권선구,입북동,687,2157.0
2015,수원시 권선구,평동,3678,24638.0
2015,수원시 영통구,광교1동,1975,15618.0
2015,수원시 영통구,광교2동,342,1718.0
2015,수원시 영통구,매탄1동,765,2018.0
2015,수원시 영통구,매탄2동,1022,4037.0
2015,수원시 영통구,매탄3동,1858,51396.0
2015,수원시 영통구,매탄4동,856,2782.0
2015,수원시 영통구,영통1동,2903,14573.0
2015,수원시 영통구,영통2동,1903,13111.0
2015,수원시 영통구,원천동,2094,21657.0
2015,수원시 영통구,태장동,2071,13037.0
2015,수원시 장안구,송죽동,1405,7508.0
2015,수원시 장안구,연무동,1155,6173.0
2015,수원시 장안구,영화동,2158,8274.0
2015,수원시 장안구,율천동,1687,7447.0
2015,수원시 장안구,정자1동,1030,4735.0
2015,수원시 장안구,정자2동,1492,6188.0
2015,수원시 장안구,정자3동,1682,8925.0
2015,수원시 장안구,조원1동,1440,6000.0
2015,수원시 장안구,조원2동,688,3865.0
2015,수원시 장안구,파장동,1623,12963.0
2015,수원시 팔달구,고등동,620,2541.0
2015,수원시 팔달구,매교동,1172,5060.0
2015,수원시 팔달구,매산동,2754,14800.0
2015,수원시 팔달구,우만1동,1415,5769.0
2015,수원시 팔달구,우만2동,794,5813.0
2015,수원시 팔달구,인계동,6087,46599.0
2015,수원시 팔달구,지동,1022,5536.0
2015,수원시 팔달구,행궁동,2580,7811.0
2015,수원시 팔달구,화서1동,1389,3834.0
2015,수원시 팔달구,화서2동,975,4138.0
2015,시흥시,과림동,2286,8088.0
2015,시흥시,군자동,1222,4060.0
2015,시흥시,능곡동,655,2851.0
2015,시흥시,대야동,3737,14937.0
2015,시흥시,매화동,1188,4410.0
2015,시흥시,목감동,1203,4629.0
2015,시흥시,신천동,3544,12097.0
2015,시흥시,신현동,1877,7383.0
2015,시흥시,연성동,1650,7477.0
2015,시흥시,월곶동,1026,4331.0
2015,시흥시,은행동,1717,7700.0
2015,시흥시,장곡동,677,3095.0
2015,시흥시,정왕1동,6583,44896.0
2015,시흥시,정왕2동,4140,29581.0
2015,시흥시,정왕3동,3540,24126.0
2015,시흥시,정왕4동,791,2636.0
2015,시흥시,정왕본동,2364,8654.0
2015,안산시 단원구,고잔1동,920,8284.0
2015,안산시 단원구,고잔2동,3275,18854.0
2015,안산시 단원구,대부동,924,2997.0
2015,안산시 단원구,선부1동,642,3385.0
2015,안산시 단원구,선부2동,1483,5453.0
2015,안산시 단원구,선부3동,1546,5974.0
2015,안산시 단원구,와동,1958,5280.0
2015,안산시 단원구,원곡1동,407,1573.0
2015,안산시 단원구,원곡2동,747,1905.0
2015,안산시 단원구,원곡본동,6230,32510.0
2015,안산시 단원구,초지동,9417,121890.0
2015,안산시 단원구,호수동,5173,27999.0
2015,안산시 상록구,반월동,1236,6714.0
2015,안산시 상록구,본오1동,2094,8190.0
2015,안산시 상록구,본오2동,1301,4133.0
2015,안산시 상록구,본오3동,1558,5629.0
2015,안산시 상록구,부곡동,1178,3876.0
2015,안산시 상록구,사1동,1670,6533.0
2015,안산시 상록구,사2동,1542,7058.0
2015,안산시 상록구,사3동,909,5734.0
2015,안산시 상록구,성포동,1090,4307.0
2015,안산시 상록구,안산동,934,3686.0
2015,안산시 상록구,월피동,2274,7437.0
2015,안산시 상록구,이동,2493,10118.0
2015,안산시 상록구,일동,1089,4265.0
2015,안성시,고삼면,131,927.0
2015,안성시,공도읍,2631,13125.0
2015,안성시,금광면,397,1706.0
2015,안성시,대덕면,965,7047.0
2015,안성시,미양면,759,10051.0
2015,안성시,보개면,452,3548.0
2015,안성시,삼죽면,363,2639.0
2015,안성시,서운면,411,4469.0
2015,안성시,안성1동,1134,5441.0
2015,안성시,안성2동,1787,7405.0
2015,안성시,안성3동,1526,8589.0
2015,안성시,양성면,591,4612.0
2015,안성시,원곡면,975,8595.0
2015,안성시,일죽면,822,4899.0
2015,안성시,죽산면,778,4797.0
2015,안양시 동안구,갈산동,442,1795.0
2015,안양시 동안구,관양1동,2231,9215.0
2015,안양시 동안구,관양2동,4104,39350.0
2015,안양시 동안구,귀인동,1269,5050.0
2015,안양시 동안구,달안동,808,6384.0
2015,안양시 동안구,범계동,2235,14301.0
2015,안양시 동안구,부림동,2301,13850.0
2015,안양시 동안구,부흥동,959,5477.0
2015,안양시 동안구,비산1동,724,3238.0
2015,안양시 동안구,비산2동,688,2692.0
2015,안양시 동안구,비산3동,1116,5584.0
2015,안양시 동안구,신촌동,765,2948.0
2015,안양시 동안구,평안동,454,3500.0
2015,안양시 동안구,평촌동,1130,8268.0
2015,안양시 동안구,호계1동,4031,18910.0
2015,안양시 동안구,호계2동,2305,10950.0
2015,안양시 동안구,호계3동,1167,4512.0
2015,안양시 만안구,박달1동,1116,3105.0
2015,안양시 만안구,박달2동,720,6255.0
2015,안양시 만안구,석수1동,796,4502.0
2015,안양시 만안구,석수2동,1461,7774.0
2015,안양시 만안구,석수3동,506,1534.0
2015,안양시 만안구,안양1동,2520,8446.0
2015,안양시 만안구,안양2동,1627,5911.0
2015,안양시 만안구,안양3동,1068,3884.0
2015,안양시 만안구,안양4동,1613,4754.0
2015,안양시 만안구,안양5동,947,5871.0
2015,안양시 만안구,안양6동,1794,9469.0
2015,안양시 만안구,안양7동,1346,12800.0
2015,안양시 만안구,안양8동,834,5109.0
2015,안양시 만안구,안양9동,540,1584.0
2015,양주시,광적면,2167,12660.0
2015,양주시,남면,1335,10848.0
2015,양주시,백석읍,1897,7849.0
2015,양주시,양주1동,800,3743.0
2015,양주시,양주2동,2425,9069.0
2015,양주시,은현면,1558,10277.0
2015,양주시,장흥면,1122,4461.0
2015,양주시,회천1동,1143,6016.0
2015,양주시,회천2동,1835,7737.0
2015,양주시,회천3동,999,3688.0
2015,양주시,회천4동,535,2786.0
2015,양평군,강상면,352,1304.0
2015,양평군,강하면,230,922.0
2015,양평군,개군면,239,659.0
2015,양평군,단월면,254,969.0
2015,양평군,서종면,500,1509.0
2015,양평군,양동면,222,826.0
2015,양평군,양서면,756,2643.0
2015,양평군,양평읍,2523,11028.0
2015,양평군,옥천면,411,1365.0
2015,양평군,용문면,1144,3711.0
2015,양평군,지평면,304,1291.0
2015,양평군,청운면,277,921.0
2015,여주시,가남읍,1129,7519.0
2015,여주시,강천면,204,1492.0
2015,여주시,금사면,190,623.0
2015,여주시,능서면,356,2190.0
2015,여주시,대신면,409,1426.0
2015,여주시,북내면,326,1906.0
2015,여주시,산북면,171,745.0
2015,여주시,여흥동,2274,10510.0
2015,여주시,오학동,973,3293.0
2015,여주시,점동면,347,1930.0
2015,여주시,중앙동,1570,6877.0
2015,여주시,흥천면,251,1002.0
2015,연천군,군남면,194,944.0
2015,연천군,미산면,94,305.0
2015,연천군,백학면,203,717.0
2015,연천군,신서면,218,497.0
2015,연천군,연천읍,579,2712.0
2015,연천군,왕징면,58,171.0
2015,연천군,장남면,31,163.0
2015,연천군,전곡읍,1825,6181.0
2015,연천군,중면,13,33.0
2015,연천군,청산면,362,1837.0
2015,오산시,남촌동,1753,12662.0
2015,오산시,대원동,3785,17363.0
2015,오산시,세마동,1124,7250.0
2015,오산시,신장동,1897,7392.0
2015,오산시,중앙동,2057,8770.0
2015,오산시,초평동,667,5496.0
2015,용인시 기흥구,구갈동,1980,11319.0
2015,용인시 기흥구,구성동,1037,4588.0
2015,용인시 기흥구,기흥동,946,11181.0
2015,용인시 기흥구,동백동,2815,15090.0
2015,용인시 기흥구,마북동,975,9328.0
2015,용인시 기흥구,보정동,1829,12775.0
2015,용인시 기흥구,상갈동,1923,10908.0
2015,용인시 기흥구,상하동,802,4581.0
2015,용인시 기흥구,서농동,755,26887.0
2015,용인시 기흥구,신갈동,1727,8048.0
2015,용인시 기흥구,영덕동,2360,19257.0
2015,용인시 수지구,동천동,1375,8792.0
2015,용인시 수지구,상현1동,975,4938.0
2015,용인시 수지구,상현2동,928,3360.0
2015,용인시 수지구,성복동,825,4324.0
2015,용인시 수지구,신봉동,989,4451.0
2015,용인시 수지구,죽전1동,2139,13227.0
2015,용인시 수지구,죽전2동,1289,6529.0
2015,용인시 수지구,풍덕천1동,1963,7656.0
2015,용인시 수지구,풍덕천2동,1188,7095.0
2015,용인시 처인구,남사면,1088,11967.0
2015,용인시 처인구,동부동,1209,5179.0
2015,용인시 처인구,모현면,2427,11888.0
2015,용인시 처인구,백암면,990,6502.0
2015,용인시 처인구,양지면,1782,9890.0
2015,용인시 처인구,역삼동,1417,9972.0
2015,용인시 처인구,원삼면,758,4877.0
2015,용인시 처인구,유림동,1392,6622.0
2015,용인시 처인구,이동면,1644,10977.0
2015,용인시 처인구,중앙동,2927,14162.0
2015,용인시 처인구,포곡읍,2151,13546.0
2015,의왕시,고천동,1349,10016.0
2015,의왕시,내손1동,942,4300.0
2015,의왕시,내손2동,983,2721.0
2015,의왕시,부곡동,1556,9978.0
2015,의왕시,오전동,1969,9205.0
2015,의왕시,청계동,1344,9855.0
2015,의정부시,가능1동,1660,5937.0
2015,의정부시,가능2동,668,2332.0
2015,의정부시,가능3동,490,2426.0
2015,의정부시,녹양동,1067,4387.0
2015,의정부시,송산1동,1831,9994.0
2015,의정부시,송산2동,1646,7927.0
2015,의정부시,신곡1동,1563,5313.0
2015,의정부시,신곡2동,1897,7843.0
2015,의정부시,의정부1동,4186,13183.0
2015,의정부시,의정부2동,2826,18603.0
2015,의정부시,의정부3동,1662,6948.0
2015,의정부시,자금동,2010,10594.0
2015,의정부시,장암동,718,3143.0
2015,의정부시,호원1동,1395,6661.0
2015,의정부시,호원2동,1304,4645.0
2015,이천시,관고동,962,4712.0
2015,이천시,대월면,668,4587.0
2015,이천시,마장면,1207,11320.0
2015,이천시,모가면,418,3015.0
2015,이천시,백사면,677,3892.0
2015,이천시,부발읍,2046,31317.0
2015,이천시,설성면,347,1835.0
2015,이천시,신둔면,950,5263.0
2015,이천시,율면,164,792.0
2015,이천시,장호원읍,1202,3845.0
2015,이천시,중리동,1856,9412.0
2015,이천시,증포동,1637,6616.0
2015,이천시,창전동,2397,8020.0
2015,이천시,호법면,799,5947.0
2015,파주시,광탄면,1981,12325.0
2015,파주시,교하동,3648,26997.0
2015,파주시,군내면,23,110.0
2015,파주시,금촌1동,2932,12307.0
2015,파주시,금촌2동,1414,7034.0
2015,파주시,금촌3동,1134,4846.0
2015,파주시,문산읍,2522,13005.0
2015,파주시,법원읍,981,5543.0
2015,파주시,운정1동,1472,7148.0
2015,파주시,운정2동,417,1600.0
2015,파주시,운정3동,1752,8045.0
2015,파주시,월롱면,1287,29331.0
2015,파주시,장단면,6,40.0
2015,파주시,적성면,636,2094.0
2015,파주시,조리읍,2406,12739.0
2015,파주시,진동면,2,
2015,파주시,탄현면,1957,12757.0
2015,파주시,파주읍,1062,8124.0
2015,파주시,파평면,339,1585.0
2015,평택시,고덕면,671,3939.0
2015,평택시,비전1동,1854,10392.0
2015,평택시,비전2동,2595,11928.0
2015,평택시,서정동,2193,7810.0
2015,평택시,서탄면,1041,9752.0
2015,평택시,세교동,1477,9185.0
2015,평택시,송북동,1290,4306.0
2015,평택시,송탄동,1262,16634.0
2015,평택시,신장1동,345,890.0
2015,평택시,신장2동,849,1779.0
2015,평택시,신평동,3777,17592.0
2015,평택시,안중읍,2514,11276.0
2015,평택시,오성면,521,3270.0
2015,평택시,원평동,763,3182.0
2015,평택시,중앙동,2547,9384.0
2015,평택시,지산동,725,2813.0
2015,평택시,진위면,1177,21263.0
2015,평택시,청북면,1609,17682.0
2015,평택시,통복동,1060,2918.0
2015,평택시,팽성읍,1765,9027.0
2015,평택시,포승읍,2487,27101.0
2015,평택시,현덕면,404,1495.0
2015,포천시,가산면,2598,14108.0
2015,포천시,관인면,180,597.0
2015,포천시,군내면,926,5699.0
2015,포천시,내촌면,1340,7711.0
2015,포천시,선단동,1672,10378.0
2015,포천시,소흘읍,4569,19225.0
2015,포천시,신북면,1007,7207.0
2015,포천시,영북면,873,2578.0
2015,포천시,영중면,568,3190.0
2015,포천시,이동면,512,1798.0
2015,포천시,일동면,891,3045.0
2015,포천시,창수면,196,1312.0
2015,포천시,포천동,1786,7290.0
2015,포천시,화현면,279,2238.0
2015,하남시,감북동,1339,7220.0
2015,하남시,덕풍1동,553,1624.0
2015,하남시,덕풍2동,901,2545.0
2015,하남시,덕풍3동,1825,10519.0
2015,하남시,미사1동,235,1521.0
2015,하남시,미사2동,156,928.0
2015,하남시,신장1동,960,2502.0
2015,하남시,신장2동,1900,8030.0
2015,하남시,위례동,20,139.0
2015,하남시,천현동,1691,10208.0
2015,하남시,초이동,1093,6088.0
2015,하남시,춘궁동,1124,5984.0
2015,하남시,풍산동,283,1434.0
2015,화성시,기배동,967,4131.0
2015,화성시,남양읍,3264,32202.0
2015,화성시,동탄1동,3869,27483.0
2015,화성시,동탄2동,926,5019.0
2015,화성시,동탄3동,1251,7022.0
2015,화성시,동탄4동,688,4278.0
2015,화성시,동탄면,971,16718.0
2015,화성시,마도면,1667,13758.0
2015,화성시,매송면,619,2205.0
2015,화성시,반월동,1686,49851.0
2015,화성시,병점1동,1247,4855.0
2015,화성시,병점2동,927,4164.0
2015,화성시,봉담읍,5482,27467.0
2015,화성시,비봉면,1236,6671.0
2015,화성시,서신면,1201,6734.0
2015,화성시,송산면,1277,5694.0
2015,화성시,양감면,1490,14579.0
2015,화성시,우정읍,1596,22995.0
2015,화성시,장안면,2113,19019.0
2015,화성시,정남면,4294,26040.0
2015,화성시,진안동,2968,13025.0
2015,화성시,팔탄면,4941,34702.0
2015,화성시,향남읍,5523,36876.0
2015,화성시,화산동,1750,9690.0
2020,가평군,가평읍,2745,9467.0
2020,가평군,북면,747,1743.0
2020,가평군,상면,885,2829.0
2020,가평군,설악면,1405,5414.0
2020,가평군,조종면,1073,3035.0
2020,가평군,청평면,2061,5840.0
2020,고양시 덕양구,고양동,2385,8297.0
2020,고양시 덕양구,관산동,3029,8821.0
2020,고양시 덕양구,능곡동,1674,4956.0
2020,고양시 덕양구,대덕동,802,3679.0
2020,고양시 덕양구,삼송동,1635,4794.0
2020,고양시 덕양구,성사1동,2574,6854.0
2020,고양시 덕양구,성사2동,640,1884.0
2020,고양시 덕양구,원신동,1572,5382.0
2020,고양시 덕양구,주교동,1498,5753.0
2020,고양시 덕양구,창릉동,3154,11616.0
2020,고양시 덕양구,행신1동,1366,3792.0
2020,고양시 덕양구,행신2동,2890,8919.0
2020,고양시 덕양구,행신3동,2394,7223.0
2020,고양시 덕양구,행주동,1993,7134.0
2020,고양시 덕양구,화전동,1390,4008.0
2020,고양시 덕양구,화정1동,3057,11970.0
2020,고양시 덕양구,화정2동,2937,9984.0
2020,고양시 덕양구,효자동,458,1992.0
2020,고양시 덕양구,흥도동,3582,14445.0
2020,고양시 일산동구,고봉동,6186,27480.0
2020,고양시 일산동구,마두1동,1943,9532.0
2020,고양시 일산동구,마두2동,1626,4734.0
2020,고양시 일산동구,백석1동,3574,15307.0
2020,고양시 일산동구,백석2동,3277,11825.0
2020,고양시 일산동구,식사동,3375,13203.0
2020,고양시 일산동구,장항1동,2799,11447.0
2020,고양시 일산동구,장항2동,11154,39291.0
2020,고양시 일산동구,정발산동,2694,7108.0
2020,고양시 일산동구,중산동,3330,10316.0
2020,고양시 일산동구,풍산동,2782,9195.0
2020,고양시 일산서구,대화동,4593,20554.0
2020,고양시 일산서구,송산동,6256,19884.0
2020,고양시 일산서구,송포동,2140,6186.0
2020,고양시 일산서구,일산1동,1459,3361.0
2020,고양시 일산서구,일산2동,1817,4059.0
2020,고양시 일산서구,일산3동,1751,4557.0
2020,고양시 일산서구,주엽1동,1951,5321.0
2020,고양시 일산서구,주엽2동,2606,7593.0
2020,고양시 일산서구,탄현동,3126,9014.0
2020,과천시,갈현동,552,2122.0
2020,과천시,과천동,2670,12332.0
2020,과천시,문원동,628,2935.0
2020,과천시,별양동,1305,9189.0
2020,과천시,부림동,326,860.0
2020,과천시,중앙동,587,9750.0
2020,광명시,광명1동,202,265.0
2020,광명시,광명2동,519,1062.0
2020,광명시,광명3동,1597,3845.0
2020,광명시,광명4동,1300,3234.0
2020,광명시,광명5동,1317,2706.0
2020,광명시,광명6동,1448,5137.0
2020,광명시,광명7동,1276,4027.0
2020,광명시,소하1동,3263,24493.0
2020,광명시,소하2동,4659,14708.0
2020,광명시,철산1동,549,1969.0
2020,광명시,철산2동,920,2361.0
2020,광명시,철산3동,2938,14153.0
2020,광명시,철산4동,614,1282.0
2020,광명시,하안1동,1786,6615.0
2020,광명시,하안2동,734,2370.0
2020,광명시,하안3동,1789,4838.0
2020,광명시,하안4동,496,1572.0
2020,광명시,학온동,2110,8132.0
2020,광주시,경안동,3633,11811.0
2020,광주시,곤지암읍,4676,21015.0
2020,광주시,광남1동,5375,19395.0
2020,광주시,광남2동,1166,3023.0
2020,광주시,남종면,161,484.0
2020,광주시,남한산성면,499,1305.0
2020,광주시,도척면,2544,11806.0
2020,광주시,송정동,3225,10059.0
2020,광주시,쌍령동,948,2578.0
2020,광주시,오포읍,11038,34788.0
2020,광주시,초월읍,7168,27883.0
2020,광주시,탄벌동,2688,8228.0
2020,광주시,퇴촌면,1825,3466.0
2020,구리시,갈매동,2675,7344.0
2020,구리시,교문1동,2778,10600.0
2020,구리시,교문2동,1189,2587.0
2020,구리시,동구동,4840,15954.0
2020,구리시,수택1동,3275,8642.0
2020,구리시,수택2동,2513,5352.0
2020,구리시,수택3동,2348,9996.0
2020,구리시,인창동,2248,8312.0
2020,군포시,광정동,3474,13178.0
2020,군포시,군포1동,7376,39430.0
2020,군포시,군포2동,3936,19794.0
2020,군포시,궁내동,658,2010.0
2020,군포시,금정동,3360,12220.0
2020,군포시,대야동,1163,3996.0
2020,군포시,산본1동,2436,8106.0
2020,군포시,산본2동,1357,5177.0
2020,군포시,수리동,492,1752.0
2020,군포시,오금동,598,1636.0
2020,군포시,재궁동,1292,5555.0
2020,김포시,고촌읍,4668,15747.0
2020,김포시,구래동,3575,9779.0
2020,김포시,김포본동,4694,13410.0
2020,김포시,대곶면,7353,31942.0
2020,김포시,마산동,1352,3224.0
2020,김포시,사우동,3633,12124.0
2020,김포시,양촌읍,8075,35597.0
2020,김포시,운양동,3254,8725.0
2020,김포시,월곶면,2389,11346.0
2020,김포시,장기동,3880,10059.0
2020,김포시,장기본동,2377,7625.0
2020,김포시,통진읍,5704,22681.0
2020,김포시,풍무동,3922,11042.0
2020,김포시,하성면,3055,12000.0
2020,남양주시,금곡동,2504,9765.0
2020,남양주시,다산1동,5160,12681.0
2020,남양주시,다산2동,2666,10303.0
2020,남양주시,별내동,5812,18097.0
2020,남양주시,별내면,1766,5257.0
2020,남양주시,수동면,1834,8023.0
2020,남양주시,양정동,2452,8383.0
2020,남양주시,오남읍,4933,13968.0
2020,남양주시,와부읍,5447,16055.0
2020,남양주시,조안면,450,1264.0
2020,남양주시,진건읍,5642,18609.0
2020,남양주시,진접읍,10037,33579.0
2020,남양주시,퇴계원읍,2033,4808.0
2020,남양주시,평내동,2832,9020.0
2020,남양주시,호평동,3610,12457.0
2020,남양주시,화도읍,11159,31814.0
2020,동두천시,보산동,422,963.0
2020,동두천시,불현동,1828,5136.0
2020,동두천시,상패동,622,2754.0
2020,동두천시,생연1동,425,2202.0
2020,동두천시,생연2동,1138,2732.0
2020,동두천시,소요동,847,5931.0
2020,동두천시,송내동,2312,7751.0
2020,동두천시,중앙동,1232,2957.0
2020,성남시 분당구,구미1동,2569,8755.0
2020,성남시 분당구,구미동,2947,22095.0
2020,성남시 분당구,금곡동,3184,12558.0
2020,성남시 분당구,백현동,2444,17570.0
2020,성남시 분당구,분당동,931,3458.0
2020,성남시 분당구,삼평동,5132,97191.0
2020,성남시 분당구,서현1동,5456,32383.0
2020,성남시 분당구,서현2동,1172,3162.0
2020,성남시 분당구,수내1동,3886,23651.0
2020,성남시 분당구,수내2동,671,1798.0
2020,성남시 분당구,수내3동,771,2542.0
2020,성남시 분당구,야탑1동,3882,22585.0
2020,성남시 분당구,야탑2동,938,3723.0
2020,성남시 분당구,야탑3동,3468,15095.0
2020,성남시 분당구,운중동,1648,7158.0
2020,성남시 분당구,이매1동,1271,5345.0
2020,성남시 분당구,이매2동,651,3042.0
2020,성남시 분당구,정자1동,4287,29901.0
2020,성남시 분당구,정자2동,487,1229.0
2020,성남시 분당구,정자3동,674,4223.0
2020,성남시 분당구,정자동,1707,5225.0
2020,성남시 분당구,판교동,1232,4667.0
2020,성남시 수정구,고등동,666,1984.0
2020,성남시 수정구,단대동,1078,3897.0
2020,성남시 수정구,복정동,1765,10261.0
2020,성남시 수정구,산성동,729,1822.0
2020,성남시 수정구,수진1동,1346,2650.0
2020,성남시 수정구,수진2동,1553,5659.0
2020,성남시 수정구,시흥동,1293,9828.0
2020,성남시 수정구,신촌동,343,1141.0
2020,성남시 수정구,신흥1동,1630,4534.0
2020,성남시 수정구,신흥2동,1165,3596.0
2020,성남시 수정구,신흥3동,1504,4125.0
2020,성남시 수정구,양지동,644,1910.0
2020,성남시 수정구,위례동,3819,13625.0
2020,성남시 수정구,태평1동,1802,5410.0
2020,성남시 수정구,태평2동,1220,4065.0
2020,성남시 수정구,태평3동,1184,2834.0
2020,성남시 수정구,태평4동,832,2393.0
2020,성남시 중원구,금광1동,885,2448.0
2020,성남시 중원구,금광2동,2172,6102.0
2020,성남시 중원구,도촌동,2155,10680.0
2020,성남시 중원구,상대원1동,6887,53368.0
2020,성남시 중원구,상대원2동,1594,5971.0
2020,성남시 중원구,상대원3동,1114,2071.0
2020,성남시 중원구,성남동,5331,14626.0
2020,성남시 중원구,은행1동,352,772.0
2020,성남시 중원구,은행2동,1463,2968.0
2020,성남시 중원구,중앙동,1541,3060.0
2020,성남시 중원구,하대원동,2030,6434.0
2020,수원시 권선구,곡선동,2804,8963.0
2020,수원시 권선구,구운동,2475,6770.0
2020,수원시 권선구,권선1동,3722,15573.0
2020,수원시 권선구,권선2동,2398,7291.0
2020,수원시 권선구,금곡동,3024,9255.0
2020,수원시 권선구,서둔동,4407,20809.0
2020,수원시 권선구,세류1동,599,1669.0
2020,수원시 권선구,세류2동,2172,6593.0
2020,수원시 권선구,세류3동,2217,6662.0
2020,수원시 권선구,입북동,1083,2922.0
2020,수원시 권선구,평동,6421,37587.0
2020,수원시 권선구,호매실동,2333,5963.0
2020,수원시 영통구,광교1동,5527,27634.0
2020,수원시 영통구,광교2동,2749,9376.0
2020,수원시 영통구,망포1동,1231,3423.0
2020,수원시 영통구,망포2동,1014,3401.0
2020,수원시 영통구,매탄1동,1002,2421.0
2020,수원시 영통구,매탄2동,1359,4826.0
2020,수원시 영통구,매탄3동,2605,52399.0
2020,수원시 영통구,매탄4동,1161,2610.0
2020,수원시 영통구,영통1동,1236,3840.0
2020,수원시 영통구,영통2동,3177,15482.0
2020,수원시 영통구,영통3동,4614,16858.0
2020,수원시 영통구,원천동,3259,22181.0
2020,수원시 장안구,송죽동,2523,8622.0
2020,수원시 장안구,연무동,1491,5868.0
2020,수원시 장안구,영화동,2846,8503.0
2020,수원시 장안구,율천동,2744,11165.0
2020,수원시 장안구,정자1동,1410,4618.0
2020,수원시 장안구,정자2동,2103,7177.0
2020,수원시 장안구,정자3동,2387,9707.0
2020,수원시 장안구,조원1동,2207,7365.0
2020,수원시 장안구,조원2동,954,3868.0
2020,수원시 장안구,파장동,2170,13119.0
2020,수원시 팔달구,고등동,856,2212.0
2020,수원시 팔달구,매교동,1090,3681.0
2020,수원시 팔달구,매산동,3419,14922.0
2020,수원시 팔달구,우만1동,1969,5711.0
2020,수원시 팔달구,우만2동,1138,5070.0
2020,수원시 팔달구,인계동,9653,47638.0
2020,수원시 팔달구,지동,1224,6074.0
2020,수원시 팔달구,행궁동,3167,8260.0
2020,수원시 팔달구,화서1동,1954,4378.0
2020,수원시 팔달구,화서2동,1436,5495.0
2020,시흥시,과림동,3096,9016.0
2020,시흥시,군자동,1879,5202.0
2020,시흥시,능곡동,1620,4681.0
2020,시흥시,대야동,5639,17953.0
2020,시흥시,매화동,1869,6331.0
2020,시흥시,목감동,3697,11056.0
2020,시흥시,배곧동,5278,12981.0
2020,시흥시,신천동,4858,13984.0
2020,시흥시,신현동,2672,8637.0
2020,시흥시,연성동,3260,10742.0
2020,시흥시,월곶동,1800,5415.0
2020,시흥시,은행동,3657,11219.0
2020,시흥시,장곡동,1121,3373.0
2020,시흥시,정왕1동,9664,44576.0
2020,시흥시,정왕2동,7402,39323.0
2020,시흥시,정왕3동,5403,24510.0
2020,시흥시,정왕4동,1128,2640.0
2020,시흥시,정왕본동,3958,10018.0
2020,안산시 단원구,고잔동,1529,9997.0
2020,안산시 단원구,대부동,1802,4766.0
2020,안산시 단원구,백운동,1355,3220.0
2020,안산시 단원구,선부1동,1051,3377.0
2020,안산시 단원구,선부2동,2338,6732.0
2020,안산시 단원구,선부3동,2325,6430.0
2020,안산시 단원구,신길동,3737,19262.0
2020,안산시 단원구,와동,2802,5821.0
2020,안산시 단원구,원곡동,5530,15918.0
2020,안산시 단원구,중앙동,5173,19261.0
2020,안산시 단원구,초지동,14152,125147.0
2020,안산시 단원구,호수동,8847,31184.0
2020,안산시 상록구,반월동,1917,9582.0
2020,안산시 상록구,본오1동,4656,10580.0
2020,안산시 상록구,본오2동,2016,4998.0
2020,안산시 상록구,본오3동,2057,5473.0
2020,안산시 상록구,부곡동,1987,4639.0
2020,안산시 상록구,사동,2788,8581.0
2020,안산시 상록구,사이동,2185,6669.0
2020,안산시 상록구,성포동,1440,4530.0
2020,안산시 상록구,안산동,1577,6460.0
2020,안산시 상록구,월피동,3209,8878.0
2020,안산시 상록구,이동,4022,11870.0
2020,안산시 상록구,일동,1684,5389.0
2020,안산시 상록구,해양동,1605,8139.0
2020,안성시,고삼면,354,1873.0
2020,안성시,공도읍,4644,17014.0
2020,안성시,금광면,619,2117.0
2020,안성시,대덕면,2114,10486.0
2020,안성시,미양면,1412,12242.0
2020,안성시,보개면,817,4350.0
2020,안성시,삼죽면,1265,3460.0
2020,안성시,서운면,699,4898.0
2020,안성시,안성1동,1515,6500.0
2020,안성시,안성2동,2799,9455.0
2020,안성시,안성3동,2303,10328.0
2020,안성시,양성면,1621,6690.0
2020,안성시,원곡면,2014,11853.0
2020,안성시,일죽면,1500,5525.0
2020,안성시,죽산면,1212,5766.0
2020,안양시 동안구,갈산동,692,2044.0
2020,안양시 동안구,관양1동,3299,11870.0
2020,안양시 동안구,관양2동,8352,55788.0
2020,안양시 동안구,귀인동,1598,5539.0
2020,안양시 동안구,달안동,1163,5710.0
2020,안양시 동안구,대산동,7992,22733.0
2020,안양시 동안구,범계동,2747,11496.0
2020,안양시 동안구,범안동,6073,16735.0
2020,안양시 동안구,부림동,4357,17264.0
2020,안양시 동안구,부천동,14308,61556.0
2020,안양시 동안구,부흥동,1802,5381.0
2020,안양시 동안구,비산1동,909,3102.0
2020,안양시 동안구,비산2동,666,2360.0
2020,안양시 동안구,비산3동,2042,6936.0
2020,안양시 동안구,상동,9689,33449.0
2020,안양시 동안구,성곡동,6353,15978.0
2020,안양시 동안구,소사본동,4253,11652.0
2020,안양시 동안구,신중동,13853,55158.0
2020,안양시 동안구,신촌동,1058,3257.0
2020,안양시 동안구,심곡동,8138,23761.0
2020,안양시 동안구,오정동,14383,56641.0
2020,안양시 동안구,중동,5208,22076.0
2020,안양시 동안구,평안동,742,3859.0
2020,안양시 동안구,평촌동,2021,11213.0
2020,안양시 동안구,호계1동,4902,19657.0
2020,안양시 동안구,호계2동,2778,10946.0
2020,안양시 동안구,호계3동,1524,4997.0
2020,안양시 만안구,박달1동,1428,3666.0
2020,안양시 만안구,박달2동,1206,7403.0
2020,안양시 만안구,석수1동,1248,4817.0
2020,안양시 만안구,석수2동,2176,9063.0
2020,안양시 만안구,석수3동,668,1722.0
2020,안양시 만안구,안양1동,2535,6860.0
2020,안양시 만안구,안양2동,2215,6364.0
2020,안양시 만안구,안양3동,1395,4592.0
2020,안양시 만안구,안양4동,1851,4706.0
2020,안양시 만안구,안양5동,1095,4805.0
2020,안양시 만안구,안양6동,2727,10741.0
2020,안양시 만안구,안양7동,2213,14093.0
2020,안양시 만안구,안양8동,1102,5032.0
2020,안양시 만안구,안양9동,837,1996.0
2020,양주시,광적면,3512,13776.0
2020,양주시,남면,1759,8885.0
2020,양주시,백석읍,3188,11232.0
2020,양주시,양주1동,1235,4918.0
2020,양주시,양주2동,4555,13322.0
2020,양주시,은현면,2642,12470.0
2020,양주시,장흥면,1613,5945.0
2020,양주시,회천1동,1647,6483.0
2020,양주시,회천2동,2532,8788.0
2020,양주시,회천3동,1630,4804.0
2020,양주시,회천4동,3182,9139.0
2020,양평군,강상면,801,2146.0
2020,양평군,강하면,480,1181.0
2020,양평군,개군면,499,1093.0
2020,양평군,단월면,372,1047.0
2020,양평군,서종면,1171,2448.0
2020,양평군,양동면,381,1161.0
2020,양평군,양서면,1267,4032.0
2020,양평군,양평읍,4379,14376.0
2020,양평군,옥천면,842,2345.0
2020,양평군,용문면,1844,4761.0
2020,양평군,지평면,524,1407.0
2020,양평군,청운면,384,1114.0
2020,여주시,가남읍,2332,9769.0
2020,여주시,강천면,493,2498.0
2020,여주시,금사면,322,854.0
2020,여주시,능서면,890,3080.0
2020,여주시,대신면,1582,3006.0
2020,여주시,북내면,2050,4411.0
2020,여주시,산북면,349,1134.0
2020,여주시,여흥동,4544,14959.0
2020,여주시,오학동,1612,4754.0
2020,여주시,점동면,626,2971.0
2020,여주시,중앙동,2437,8140.0
2020,여주시,흥천면,837,2039.0
2020,연천군,군남면,395,1326.0
2020,연천군,미산면,251,610.0
2020,연천군,백학면,371,1390.0
2020,연천군,신서면,1133,1529.0
2020,연천군,연천읍,3326,6293.0
2020,연천군,왕징면,114,277.0
2020,연천군,장남면,67,274.0
2020,연천군,전곡읍,2571,7758.0
2020,연천군,중면,15,53.0
2020,연천군,청산면,503,2016.0
2020,오산시,남촌동,3258,16372.0
2020,오산시,대원동,5656,19032.0
2020,오산시,세마동,2697,13788.0
2020,오산시,신장동,3926,11917.0
2020,오산시,중앙동,2941,10635.0
2020,오산시,초평동,1054,4834.0
2020,용인시 기흥구,구갈동,5320,15858.0
2020,용인시 기흥구,구성동,2590,9133.0
2020,용인시 기흥구,기흥동,2490,14942.0
2020,용인시 기흥구,동백1동,1466,4063.0
2020,용인시 기흥구,동백2동,4603,15086.0
2020,용인시 기흥구,동백3동,1009,5329.0
2020,용인시 기흥구,마북동,1776,14099.0
2020,용인시 기흥구,보라동,2595,9849.0
2020,용인시 기흥구,보정동,3630,17428.0
2020,용인시 기흥구,상갈동,1081,4654.0
2020,용인시 기흥구,상하동,1515,6318.0
2020,용인시 기흥구,서농동,1853,25610.0
2020,용인시 기흥구,신갈동,2842,11463.0
2020,용인시 기흥구,영덕1동,3572,18231.0
2020,용인시 기흥구,영덕2동,1902,10060.0
2020,용인시 수지구,동천동,3999,14850.0
2020,용인시 수지구,상현1동,3006,11835.0
2020,용인시 수지구,상현2동,1596,4527.0
2020,용인시 수지구,성복동,2294,8077.0
2020,용인시 수지구,신봉동,1824,5590.0
2020,용인시 수지구,죽전1동,3418,16681.0
2020,용인시 수지구,죽전2동,1794,6086.0
2020,용인시 수지구,풍덕천1동,3223,9852.0
2020,용인시 수지구,풍덕천2동,1890,7625.0
2020,용인시 처인구,남사면,2578,16715.0
2020,용인시 처인구,동부동,2452,8265.0
2020,용인시 처인구,모현읍,4623,17859.0
2020,용인시 처인구,백암면,2150,8526.0
2020,용인시 처인구,양지면,3100,13509.0
2020,용인시 처인구,역삼동,3434,14099.0
2020,용인시 처인구,원삼면,1813,6926.0
2020,용인시 처인구,유림동,2381,8912.0
2020,용인시 처인구,이동읍,4111,15764.0
2020,용인시 처인구,중앙동,3938,16050.0
2020,용인시 처인구,포곡읍,3795,15053.0
2020,의왕시,고천동,1905,11480.0
2020,의왕시,내손1동,1496,4430.0
2020,의왕시,내손2동,1202,2920.0
2020,의왕시,부곡동,2624,11948.0
2020,의왕시,오전동,2742,10579.0
2020,의왕시,청계동,3275,16128.0
2020,의정부시,가능동,2519,6966.0
2020,의정부시,녹양동,1733,5390.0
2020,의정부시,송산1동,3216,13456.0
2020,의정부시,송산2동,2367,5834.0
2020,의정부시,송산3동,3032,10927.0
2020,의정부시,신곡1동,2436,5774.0
2020,의정부시,신곡2동,3773,10335.0
2020,의정부시,의정부1동,7160,18970.0
2020,의정부시,의정부2동,5257,19438.0
2020,의정부시,자금동,2756,12272.0
2020,의정부시,장암동,1129,3487.0
2020,의정부시,호원1동,2208,7594.0
2020,의정부시,호원2동,2171,6113.0
2020,의정부시,흥선동,1668,5230.0
2020,이천시,관고동,1664,5956.0
2020,이천시,대월면,1257,6526.0
2020,이천시,마장면,2359,17129.0
2020,이천시,모가면,902,4779.0
2020,이천시,백사면,1177,5097.0
2020,이천시,부발읍,3654,42895.0
2020,이천시,설성면,1553,3610.0
2020,이천시,신둔면,1890,7350.0
2020,이천시,율면,731,1468.0
2020,이천시,장호원읍,1727,4817.0
2020,이천시,중리동,2586,12634.0
2020,이천시,증포동,3325,9053.0
2020,이천시,창전동,3338,7851.0
2020,이천시,호법면,1559,7525.0
2020,파주시,광탄면,3294,13902.0
2020,파주시,교하동,7562,35891.0
2020,파주시,군내면,58,216.0
2020,파주시,금촌1동,5321,15634.0
2020,파주시,금촌2동,2954,8845.0
2020,파주시,금촌3동,2036,6874.0
2020,파주시,문산읍,4397,14852.0
2020,파주시,법원읍,1500,6443.0
2020,파주시,운정1동,3693,11311.0
2020,파주시,운정2동,2996,7392.0
2020,파주시,운정3동,5109,15846.0
2020,파주시,월롱면,2792,30119.0
2020,파주시,장단면,6,77.0
2020,파주시,적성면,1181,3398.0
2020,파주시,조리읍,4170,14468.0
2020,파주시,진동면,10,20.0
2020,파주시,탄현면,3925,17780.0
2020,파주시,파주읍,1883,9619.0
2020,파주시,파평면,572,2230.0
2020,평택시,고덕면,2065,16177.0
2020,평택시,비전1동,6844,24408.0
2020,평택시,비전2동,3368,13652.0
2020,평택시,서정동,2899,8267.0
2020,평택시,서탄면,1899,12825.0
2020,평택시,세교동,2354,11963.0
2020,평택시,송북동,2108,5844.0
2020,평택시,송탄동,2818,19798.0
2020,평택시,신장1동,546,1321.0
2020,평택시,신장2동,1040,2016.0
2020,평택시,신평동,5671,19086.0
2020,평택시,안중읍,4420,14389.0
2020,평택시,오성면,977,5223.0
2020,평택시,용이동,1388,4447.0
2020,평택시,원평동,1104,3920.0
2020,평택시,중앙동,3778,13499.0
2020,평택시,지산동,1035,3348.0
2020,평택시,진위면,2057,24914.0
2020,평택시,청북읍,3425,22015.0
2020,평택시,통복동,1439,3103.0
2020,평택시,팽성읍,3095,11707.0
2020,평택시,포승읍,4627,30463.0
2020,평택시,현덕면,734,1763.0
2020,포천시,가산면,4022,17353.0
2020,포천시,관인면,276,755.0
2020,포천시,군내면,2120,9931.0
2020,포천시,내촌면,1953,8627.0
2020,포천시,선단동,2569,12367.0
2020,포천시,소흘읍,6790,22113.0
2020,포천시,신북면,1621,8512.0
2020,포천시,영북면,1046,2689.0
2020,포천시,영중면,2239,5188.0
2020,포천시,이동면,663,1900.0
2020,포천시,일동면,1186,3418.0
2020,포천시,창수면,668,1955.0
2020,포천시,포천동,2543,8429.0
2020,포천시,화현면,415,2498.0
2020,하남시,감북동,1432,6584.0
2020,하남시,감일동,620,2364.0
2020,하남시,덕풍1동,1007,2143.0
2020,하남시,덕풍2동,1311,3076.0
2020,하남시,덕풍3동,3309,12054.0
2020,하남시,미사1동,3846,10417.0
2020,하남시,미사2동,2238,6144.0
2020,하남시,신장1동,1168,2693.0
2020,하남시,신장2동,3796,12377.0
2020,하남시,위례동,704,1949.0
2020,하남시,천현동,3067,12851.0
2020,하남시,초이동,1910,7989.0
2020,하남시,춘궁동,2225,8414.0
2020,하남시,풍산동,4820,17122.0
2020,화성시,기배동,1601,6410.0
2020,화성시,남양읍,6115,41750.0
2020,화성시,동탄1동,5903,30619.0
2020,화성시,동탄2동,1515,6165.0
2020,화성시,동탄3동,2323,8770.0
2020,화성시,동탄4동,1776,5451.0
2020,화성시,동탄5동,7453,27129.0
2020,화성시,동탄6동,3831,25265.0
2020,화성시,동탄7동,3323,14215.0
2020,화성시,동탄8동,1065,3693.0
2020,화성시,마도면,3111,19546.0
2020,화성시,매송면,1042,3208.0
2020,화성시,반월동,2587,56806.0
2020,화성시,병점1동,1928,5936.0
2020,화성시,병점2동,1527,4594.0
2020,화성시,봉담읍,9253,35571.0
2020,화성시,비봉면,2140,10626.0
2020,화성시,새솔동,948,2245.0
2020,화성시,서신면,2111,9385.0
2020,화성시,송산면,2609,9211.0
2020,화성시,양감면,2832,17230.0
2020,화성시,우정읍,3076,28496.0
2020,화성시,장안면,3910,24034.0
2020,화성시,정남면,6738,31716.0
2020,화성시,진안동,4830,17559.0
2020,화성시,팔탄면,8051,41002.0
2020,화성시,향남읍,10427,50847.0
2020,화성시,화산동,2936,12184.0
