school_name,closed_year,school_level,sigungu_name,utilization_status,building_area_sqm,site_area_sqm,road_address,lot_address,office_name,data_asof
목동초백둔분교장,1995,초등학교,가평군,대부,0,14552,,경기도 가평군 북면 백둔리 371-2,가평교육지원청,2025-12-01
목동초화악분교장,1994,초등학교,가평군,대부,1275,7558,경기도 가평군 북면 화악지암길 43-26,경기도 가평군 북면 화악리 564-1,가평교육지원청,2025-12-01
청평초양진분교장,1994,초등학교,가평군,미활용,639,2165,경기도 가평군 청평면 호반로 882,경기도 가평군 청평면 고성리 777-2,가평교육지원청,2025-12-01
상색초두밀분교장,1994,초등학교,가평군,대부,1014,4103,경기도 가평군 가평읍 태봉두밀로 388,경기도 가평군 가평읍 두밀리 11-2,가평교육지원청,2025-12-01
목동초광악분교장,1993,초등학교,가평군,대부,520,7362,경기도 가평군 북면 노씨터길 12,경기도 가평군 북면 화악리 845,가평교육지원청,2025-12-01
구.중리초,2025,초등학교,포천시,미활용,1781,11925,경기도 포천시 관인면 한탄강2로 125-32,경기도 포천시 관인면 중리 209-2,포천교육지원청,2025-12-01
금주초,2022,초등학교,포천시,미활용,2209,15570,경기도 포천시 영중면 궁들길 50,경기도 포천시 영중면 금주리 522-1,포천교육지원청,2025-12-01
영평초,2022,초등학교,포천시,대부,2663,49937,경기도 포천시 영중면 전영로1429번길 5,경기도 포천시 영중면 영평리 240,포천교육지원청,2025-12-01
영중초,2022,초등학교,포천시,미활용,3247,16513,경기도 포천시 영중면 호국로 3054,경기도 포천시 영중면 성동리 891-3,포천교육지원청,2025-12-01
냉정초,1990,초등학교,포천시,대부,3007,10762,경기도 포천시 관인면 찬우물길 201-47,경기도 포천시 관인면 냉정리 339,포천교육지원청,2025-12-01
영북초보광분교장,1995,초등학교,포천시,미활용,353,12834,경기도 포천시 영북면 호국로3552번길 21-15,경기도 포천시 영북면 야미리 276,포천교육지원청,2025-12-01
보장초,2015,초등학교,포천시,대부,1751,10152,경기도 포천시 창수면 창동로 115,경기도 포천시 창수면 오가리 424,포천교육지원청,2025-12-01
관인초사정분교장,1992,초등학교,포천시,대부,650,9787,경기도 포천시 관인면 북원로 371-115,경기도 포천시 관인면 사정리 136-1,포천교육지원청,2025-12-01
삼정초금동분교장,1990,초등학교,포천시,대부,0,7538,경기도 포천시 신북면 탑신로 1148,경기도 포천시 신북면 금동리 247-1,포천교육지원청,2025-12-01
구.대광중,2020,중학교,연천군,대부,2939,33545,경기도 연천군 신서면 구시울길 23,경기도 연천군 신서면 도신리 228,연천교육지원청,2025-12-01
전곡초적동분교장,2018,초등학교,연천군,자체활용,745,8869,경기도 연천군 전곡읍 첫마을길 17,경기도 연천군 전곡읍 늘목리 111-2,연천교육지원청,2025-12-01
구.군남초,2001,초등학교,연천군,대부,2150,12920,경기도 연천군 군남면 군남로 373,경기도 연천군 군남면 삼거리 597,연천교육지원청,2025-12-01
연천왕산초마전분교장(B),2008,초등학교,연천군,대부,413,12878,경기도 연천군 미산면 유노로 164,경기도 연천군 미산면 유촌리 625,연천교육지원청,2025-12-01
백학초고랑포분교장,2002,초등학교,연천군,대부,1031,12979,경기도 연천군 장남면 원당로87번길 34,경기도 연천군 장남면 원당리 678,연천교육지원청,2025-12-01
옥계초,2000,초등학교,연천군,대부,1246,8114,경기도 연천군 군남면 옥계안길 24-43,경기도 연천군 군남면 옥계리 475-4,연천교육지원청,2025-12-01
군남초북삼분교장,1991,초등학교,연천군,대부,259,4863,경기도 연천군 왕징면 북삼로 98,경기도 연천군 왕징면 북삼리 160-4,연천교육지원청,2025-12-01
전곡초양원분교장,1991,초등학교,연천군,대부,551,11283,경기도 연천군 전곡읍 양원로46번길 20,경기도 연천군 전곡읍 양원리 560,연천교육지원청,2025-12-01
연천초고문분교장,2017,초등학교,연천군,미활용,807,8937,경기도 연천군 연천읍 현문로 459,경기도 연천군 연천읍 고문리 259-1,연천교육지원청,2025-12-01
연천왕산초동중분교장,1991,초등학교,연천군,대부,0,7479,경기도 연천군 왕징면 왕산로 816,경기도 연천군 왕징면 동중리 461-1,연천교육지원청,2025-12-01
연천왕산초마전분교장(A),1991,초등학교,연천군,대부,517,6033,경기도 연천군 미산면 마동로 59,경기도 연천군 미산면 동이리 596-1,연천교육지원청,2025-12-01
적성초,1998,초등학교,파주시,자체활용,1443,14716,경기도 파주시 적성면 달빛길 54,경기도 파주시 적성면 가월리 114-5,파주교육지원청,2025-12-01
목동초도대분교장,1995,초등학교,가평군,미활용,732,7187,경기도 가평군 북면 대촌들길 61,경기도 가평군 북면 도대리 139-4,가평교육지원청,2025-12-01
청평초회곡분교장,1994,초등학교,가평군,미활용,1230,5391,경기도 가평군 설악면 유명로 2285,경기도 가평군 설악면 회곡리 528,가평교육지원청,2025-12-01
구.목동초,1999,초등학교,가평군,대부,1734,11943,경기도 가평군 북면 가화로 1059,경기도 가평군 북면 목동리 919,가평교육지원청,2025-12-01
미원초엄소분교장,2000,초등학교,가평군,대부,211,1930,경기도 가평군 설악면 묵안로 181,경기도 가평군 설악면 엄소리 234-30,가평교육지원청,2025-12-01
조종초운악분교장,1999,초등학교,가평군,대부,900,9193,경기도 가평군 조종면 명지산로 83,경기도 가평군 조종면 운악리 214-6,가평교육지원청,2025-12-01
대신초옥촌분교장,1999,초등학교,여주시,미활용,476,8879,경기도 여주시 대신면 대신1로 298,경기도 여주시 대신면 옥촌리 830-1,여주교육지원청,2025-12-01
강천초강남분교장,1999,초등학교,여주시,미활용,929,12717,경기도 여주시 강천면 강천로 324-20,경기도 여주시 강천면 굴암리 9-3,여주교육지원청,2025-12-01
점동초당현분교장,1996,초등학교,여주시,대부,784,9532,경기도 여주시 점동면 성주로 946,경기도 여주시 점동면 당진리 262-1,여주교육지원청,2025-12-01
구.송탄고,2025,고등학교,평택시,자체활용,8965,18347,경기도 평택시 정암로 142,경기도 평택시 이충동 137-5,평택교육지원청,2025-12-01
구.평택중,2024,초등학교,평택시,자체활용,9051,17949,경기도 평택시 평택2로 101,경기도 평택시 비전동 469-8,평택교육지원청,2025-12-01
내기초 신영분교장,2024,초등학교,평택시,미활용,1018,12795,경기도 평택시 포승읍 신영새싹길 86-29,경기도 평택시 포승읍 신영리 269-1,평택교육지원청,2025-12-01
서탄초금각분교장,2000,초등학교,평택시,대부,914,11343,경기도 평택시 서탄면 용소금각로 438-14,경기도 평택시 서탄면 금각리 286-4,평택교육지원청,2025-12-01
구.경수초,2025,초등학교,안산시,자체활용,7447,9202,경기도 안산시 상록구 삼일로 670,경기도 안산시 상록구 성포동 594-3,안산교육지원청,2025-12-01
대동초선감분교장,1990,초등학교,안산시,미활용,929,8855,경기도 안산시 단원구 대부황금로 603,경기도 안산시 단원구 선감동 667-2,안산교육지원청,2025-12-01
구.화정초,1994,초등학교,안산시,대부,665,5818,경기도 안산시 단원구 꽃우물길 97,경기도 안산시 단원구 화정동 519,안산교육지원청,2025-12-01
구.복사초,2024,초등학교,부천시,자체활용,4877,11328,경기도 부천시 소사구 소사로 96,경기도 부천시 소사구 소사본동 405,부천교육지원청,2025-12-01
부천덕산초대장분교장,2021,초등학교,부천시,대부,1357,9576,경기도 부천시 대장로 92,경기도 부천시 대장동 196-1,부천교육지원청,2025-12-01
구.청솔중,2025,중학교,성남시,미활용,11055,15396,경기도 성남시 분당구 금곡로 283,경기도 성남시 분당구 금곡동 124,성남교육지원청,2025-12-01
구.영성여중,2017,중학교,성남시,자체활용,7411,14195,경기도 성남시 수정구 수정로 386,경기도 성남시 수정구 산성동 5,성남교육지원청,2025-12-01
구.영동중,2025,중학교,수원시,미활용,2727,23382,경기도 수원시 영통구 영통로 225,경기도 수원시 영통구 신동 330-1,수원교육지원청,2025-12-01
계정초,2007,초등학교,양평군,미활용,1171,8598,경기도 양평군 양동면 구창말길 2,경기도 양평군 양동면 계정리 1000,양평교육지원청,2025-12-01
지평초일신분교장,2011,초등학교,양평군,대부,1180,7327,경기도 양평군 지평면 구둔영화체험길 17,경기도 양평군 지평면 일신리 674,양평교육지원청,2025-12-01
양동초매월분교장,2007,초등학교,양평군,대부,923,8894,경기도 양평군 양동면 월은길 31,경기도 양평군 양동면 매월리 803-1,양평교육지원청,2025-12-01
양평부안초,2004,초등학교,양평군,대부,1110,9709,경기도 양평군 단월면 단월로 302-17,경기도 양평군 단월면 부안리 236-1,양평교육지원청,2025-12-01
양평단월초산음분교장,2001,초등학교,양평군,대부,723,7175,경기도 양평군 단월면 봉미산샘골길 1,경기도 양평군 단월면 산음리 231-1,양평교육지원청,2025-12-01
석장초,1996,초등학교,양평군,대부,1009,7452,경기도 양평군 개군면 석장길 60-6,경기도 양평군 개군면 석장리 177,양평교육지원청,2025-12-01
부안초명성분교장,1995,초등학교,양평군,대부,390,5040,경기도 양평군 단월면 분지울2길 6-4,경기도 양평군 단월면 명성리 144-2,양평교육지원청,2025-12-01
청운초신론분교장,1994,초등학교,양평군,대부,1412,4999,경기도 양평군 청운면 신론로 346,경기도 양평군 청운면 신론리 291-3,양평교육지원청,2025-12-01
강남초,1994,초등학교,양평군,대부,756,11613,경기도 양평군 강하면 동오3길 21,경기도 양평군 강하면 동오리 178-1,양평교육지원청,2025-12-01
금왕초,1994,초등학교,양평군,대부,1088,10319,경기도 양평군 양동면 양동로 1112,경기도 양평군 양동면 금왕리 732,양평교육지원청,2025-12-01
탄벌초목현분교장,1995,초등학교,광주시,자체활용,0,6625,,경기도 광주시 목현동 418-1,광주하남교육지원청,2025-12-01
도수초삼성분교장,1995,초등학교,광주시,자체활용,291,3094,경기도 광주시 남종면 태허정로437-45,경기도 광주시 남종면 삼성리 347,광주하남교육지원청,2025-12-01
분원초검천분교장,1995,초등학교,광주시,대부,775,7307,경기도 광주시 남종면 산수로2600,경기도 광주시 남종면 검천리 114-1,광주하남교육지원청,2025-12-01
만선초봉현분교장,1995,초등학교,광주시,대부,0,5999,,경기도 광주시 곤지암읍 봉현리 118-1,광주하남교육지원청,2025-12-01
장명초장일분교장,2025,초등학교,화성시,미활용,1013,9893,경기도 화성시 장안면 온수골2길 18,경기도 화성시 장안면 장안리 1075-87,화성오산교육지원청,2025-12-01
서신초제부분교장,2020,초등학교,화성시,미활용,2765,13588,경기도 화성시 서신면 제부말길 74,경기도 화성시 서신면 제부리 23-1,화성오산교육지원청,2025-12-01
구.상신초,2017,초등학교,화성시,대부,3087,14229,경기도 화성시 향남읍 상신초교길 52,경기도 화성시 향남읍 상신리 874,화성오산교육지원청,2025-12-01
창문초,2000,초등학교,화성시,대부,1432,13721,경기도 화성시 남양읍 남양로1405번길 9,경기도 화성시 남양읍 수화리 236,화성오산교육지원청,2025-12-01
마산초어도분교장,1994,초등학교,화성시,대부,0,3534,경기도 화성시 송산면 어섬길259번길 64,경기도 화성시 송산면 고포리 826-1,화성오산교육지원청,2025-12-01
정문초,1994,초등학교,화성시,대부,1193,11232,경기도 화성시 정남면 계향북길 104,경기도 화성시 정남면 계향리 411,화성오산교육지원청,2025-12-01
비봉초유포분교장,1992,초등학교,화성시,대부,267,4469,경기도 화성시 비봉면 남이로당곡말길 34-11,경기도 화성시 비봉면 유포리 307,화성오산교육지원청,2025-12-01
북내초운암분교장,2025,초등학교,여주시,미활용,858,13529,경기도 여주시 북내면 당전로 284,경기도 여주시 북내면 중암리 634-1,여주교육지원청,2025-12-01
점동초안평분교장,2009,초등학교,여주시,미활용,712,7290,경기도 여주시 점동면 안평로 296,경기도 여주시 점동면 장안리 478,여주교육지원청,2025-12-01
북내초주암분교장,2017,초등학교,여주시,미활용,1124,12338,경기도 여주시 북내면 주암길 14,경기도 여주시 북내면 주암리 173,여주교육지원청,2025-12-01
점동초뇌곡분교장,2012,초등학교,여주시,대부,1110,10115,경기도 여주시 점동면 성주로 584,경기도 여주시 점동면 뇌곡리 172-1,여주교육지원청,2025-12-01
강천초걸은분교장,2002,초등학교,여주시,미활용,846,12256,경기도 여주시 강천면 마감로 117-14,경기도 여주시 강천면 걸은리 625-1,여주교육지원청,2025-12-01
공제초,1996,초등학교,안성시,미활용,1111,18591,경기도 안성시 공도읍 웅교3길 27,경기도 안성시 공도읍 불당리 63-2,안성교육지원청,2025-12-01
장암초금산분교장,1995,초등학교,안성시,대부,696,9371,경기도 안성시 일죽면 일생로 275,경기도 안성시 일죽면 금산리 232-1,안성교육지원청,2025-12-01
양성초방축분교장,1994,초등학교,안성시,대부,721,5636,경기도 안성시 양성면 한내로 499,경기도 안성시 양성면 방축리 187-1,안성교육지원청,2025-12-01
고삼초고동분교장,1994,초등학교,안성시,대부,0,10635,경기도 안성시 고삼면 사동길 32,경기도 안성시 고삼면 쌍지리 769-2,안성교육지원청,2025-12-01
기흥중,2019,중학교,용인시,자체활용,6495,12972,경기도 용인시 기흥구 신갈로138번길 23,경기도 용인시 기흥구 신갈동 2-3,용인교육지원청,2025-12-01
남곡초 남곡분교장,2024,초등학교,용인시,자체활용,2068,17634,경기도 용인시 처인구 남사읍 남산로 7,경기도 용인시 처인구 남사읍 아곡리 506,용인교육지원청,2025-12-01
어정초동진원분교장,1999,초등학교,용인시,대부,0,2387,경기도 용인시 기흥구 언동로 125번길 9-4,경기도 용인시 기흥구 중동 669,용인교육지원청,2025-12-01
남사초서촌분교장,1991,초등학교,용인시,대부,0,10169,경기도 용인시 처인구 남사읍 통삼로 282-19,경기도 용인시 처인구 남사읍 통삼리 238-2,용인교육지원청,2025-12-01
진가초모가분교장,2010,초등학교,이천시,미활용,13,19565,경기도 이천시 모가면 사실로 1035,경기도 이천시 모가면 신갈리 165-2,이천교육지원청,2025-12-01
부발초백록분교장,2017,초등학교,이천시,자체활용,1756,14527,경기도 이천시 부발읍 두무재로79번길 21-22,경기도 이천시 부발읍 고백리 42-3,이천교육지원청,2025-12-01
율면초월포분교장,1994,초등학교,이천시,대부,403,9953,경기도 이천시 율면 임오산로362번길 74-1,경기도 이천시 율면 월포리 610-1,이천교육지원청,2025-12-01
청운초갈운분교장,2000,초등학교,양평군,미활용,799,8206,경기도 양평군 청운면 경강로 4867,경기도 양평군 청운면 갈운리 472,양평교육지원청,2025-12-01
신산초영장분교장,1994,초등학교,파주시,미활용,449,7473,경기도 파주시 광탄면 쇠장이길 21,경기도 파주시 광탄면 영장리 256-1,파주교육지원청,2025-12-01
구.교하중,2006,중학교,파주시,자체활용,2231,20297,경기도 파주시 교하로1290번길 38,경기도 파주시 다율동 56-8,파주교육지원청,2025-12-01
법원초,2019,초등학교,파주시,대부,2326,13253,경기도 파주시 법원읍 술이홀로 970-9,경기도 파주시 법원읍 법원리 500,파주교육지원청,2025-12-01
금곡초,1998,초등학교,파주시,대부,1017,9414,경기도 파주시 법원읍 술이홀로 1315,경기도 파주시 법원읍 금곡리 336-5,파주교육지원청,2025-12-01
용운초,1996,초등학교,파주시,대부,1343,13171,경기도 파주시 적성면 윗배우니길 68,경기도 파주시 적성면 객현리 385-2,파주교육지원청,2025-12-01
마석초녹촌분교장,2019,초등학교,남양주시,대부,431,7392,경기도 남양주시 화도읍 가구단지6길 63-12,경기도 남양주시 화도읍 녹촌리 272,구리남양주교육지원청,2025-12-01
남양주송촌초시우분교장,1992,초등학교,남양주시,대부,146,3738,경기도 남양주시 조안면 고래산로 413-77,경기도 남양주시 조안면 시우리 122-20,구리남양주교육지원청,2025-12-01
구.삼송초,2014,초등학교,고양시,대부,0,4679,,경기도 고양시 덕양구 삼송동 62,고양교육지원청,2025-12-01
구.고양중,2013,중학교,고양시,자체활용,4982,19545,경기도 고양시 덕양구 삼송로 173,경기도 고양시 덕양구 삼송동 45,고양교육지원청,2025-12-01
백마초장항분교장,2011,초등학교,고양시,자체활용,497,4355,경기도 고양시 일산동구 장대길 64-27,경기도 고양시 일산동구 장항동 580-20,고양교육지원청,2025-12-01
구.천보초,2025,초등학교,양주시,대부,5689,12961,,경기도 양주시 옥정동 1014-8,동두천양주교육지원청,2025-12-01
유양초천성분교장,1991,초등학교,양주시,미활용,0,2030,경기도 양주시 부흥로 1185번길15,경기도 양주시 유양동 725,동두천양주교육지원청,2025-12-01
가납초현암분교장,1991,초등학교,양주시,미활용,0,6809,,경기도 양주시 광적면 비암리 231-4,동두천양주교육지원청,2025-12-01
동두천초걸산분교장,1999,초등학교,동두천시,미활용,0,2175,,경기도 동두천시 걸산동 50-8,동두천양주교육지원청,2025-12-01
구.고산초,2024,초등학교,의정부시,미활용,2195,9969,경기도 의정부시 고산로 121,경기도 의정부시 고산동 464,의정부교육지원청,2025-12-01
방초초,2023,초등학교,안성시,대부,1744,11319,경기도 안성시 일죽면 사실로 86,경기도 안성시 일죽면 방초리 459-2,안성교육지원청,2025-12-01
구.백성초,2018,초등학교,안성시,자체활용,8469,24820,경기도 안성시 백성2길 59,경기도 안성시 금산동 119,안성교육지원청,2025-12-01
원곡초성은분교장,2018,초등학교,안성시,대부,640,8739,경기도 안성시 원곡면 통심길 92,경기도 안성시 원곡면 성은리 35-1,안성교육지원청,2025-12-01
장암초,1998,초등학교,안성시,대부,983,9129,경기도 안성시 일죽면 장암초교길 8,경기도 안성시 일죽면 장암리 204,안성교육지원청,2025-12-01
