fiscal_year,job_category,rank,step,monthly_salary_krw
2025,"일반직공무원, 일반직에 준하는 특정직 별정직",1급,1,4498600
2025,"일반직공무원, 일반직에 준하는 특정직 별정직",2급,1,4049900
2025,"일반직공무원, 일반직에 준하는 특정직 별정직",3급,1,3653800
2025,"일반직공무원, 일반직에 준하는 특정직 별정직",4급(6등급),1,3131600
2025,"일반직공무원, 일반직에 준하는 특정직 별정직",5급(5등급),1,2798500
2025,"일반직공무원, 일반직에 준하는 특정직 별정직",6급(4등급),1,2308700
2025,"일반직공무원, 일반직에 준하는 특정직 별정직",7급(3등급),1,2173600
2025,"일반직공무원, 일반직에 준하는 특정직 별정직",8급(2등급),1,2028200
2025,"일반직공무원, 일반직에 준하는 특정직 별정직",9급(1등급),1,2000900
2025,"일반직공무원, 일반직에 준하는 특정직 별정직",1급,2,4656300
2025,"일반직공무원, 일반직에 준하는 특정직 별정직",2급,2,4200100
2025,"일반직공무원, 일반직에 준하는 특정직 별정직",3급,2,3789000
2025,"일반직공무원, 일반직에 준하는 특정직 별정직",4급(6등급),2,3259400
2025,"일반직공무원, 일반직에 준하는 특정직 별정직",5급(5등급),2,2911500
2025,"일반직공무원, 일반직에 준하는 특정직 별정직",6급(4등급),2,2416100
2025,"일반직공무원, 일반직에 준하는 특정직 별정직",7급(3등급),2,2237100
2025,"일반직공무원, 일반직에 준하는 특정직 별정직",8급(2등급),2,2067600
2025,"일반직공무원, 일반직에 준하는 특정직 별정직",9급(1등급),2,2017000
2025,"일반직공무원, 일반직에 준하는 특정직 별정직",1급,3,4818000
2025,"일반직공무원, 일반직에 준하는 특정직 별정직",2급,3,4352400
2025,"일반직공무원, 일반직에 준하는 특정직 별정직",3급,3,3928200
2025,"일반직공무원, 일반직에 준하는 특정직 별정직",4급(6등급),3,3389400
2025,"일반직공무원, 일반직에 준하는 특정직 별정직",5급(5등급),3,3029000
2025,"일반직공무원, 일반직에 준하는 특정직 별정직",6급(4등급),3,2526800
2025,"일반직공무원, 일반직에 준하는 특정직 별정직",7급(3등급),3,2307500
2025,"일반직공무원, 일반직에 준하는 특정직 별정직",8급(2등급),3,2112500
2025,"일반직공무원, 일반직에 준하는 특정직 별정직",9급(1등급),3,2039500
2025,"일반직공무원, 일반직에 준하는 특정직 별정직",1급,4,4983300
2025,"일반직공무원, 일반직에 준하는 특정직 별정직",2급,4,4506000
2025,"일반직공무원, 일반직에 준하는 특정직 별정직",3급,4,4068400
2025,"일반직공무원, 일반직에 준하는 특정직 별정직",4급(6등급),4,3522400
2025,"일반직공무원, 일반직에 준하는 특정직 별정직",5급(5등급),4,3151000
2025,"일반직공무원, 일반직에 준하는 특정직 별정직",6급(4등급),4,2640000
2025,"일반직공무원, 일반직에 준하는 특정직 별정직",7급(3등급),4,2385500
2025,"일반직공무원, 일반직에 준하는 특정직 별정직",8급(2등급),4,2163100
2025,"일반직공무원, 일반직에 준하는 특정직 별정직",9급(1등급),4,2068300
2025,"일반직공무원, 일반직에 준하는 특정직 별정직",1급,5,5152700
2025,"일반직공무원, 일반직에 준하는 특정직 별정직",2급,5,4661900
2025,"일반직공무원, 일반직에 준하는 특정직 별정직",3급,5,4210900
2025,"일반직공무원, 일반직에 준하는 특정직 별정직",4급(6등급),5,3657200
2025,"일반직공무원, 일반직에 준하는 특정직 별정직",5급(5등급),5,3276200
2025,"일반직공무원, 일반직에 준하는 특정직 별정직",6급(4등급),5,2756600
2025,"일반직공무원, 일반직에 준하는 특정직 별정직",7급(3등급),5,2480300
2025,"일반직공무원, 일반직에 준하는 특정직 별정직",8급(2등급),5,2228500
2025,"일반직공무원, 일반직에 준하는 특정직 별정직",9급(1등급),5,2104000
2025,"일반직공무원, 일반직에 준하는 특정직 별정직",1급,6,5324100
2025,"일반직공무원, 일반직에 준하는 특정직 별정직",2급,6,4817900
2025,"일반직공무원, 일반직에 준하는 특정직 별정직",3급,6,4354800
2025,"일반직공무원, 일반직에 준하는 특정직 별정직",4급(6등급),6,3793400
2025,"일반직공무원, 일반직에 준하는 특정직 별정직",5급(5등급),6,3403900
2025,"일반직공무원, 일반직에 준하는 특정직 별정직",6급(4등급),6,2876400
2025,"일반직공무원, 일반직에 준하는 특정직 별정직",7급(3등급),6,2591900
2025,"일반직공무원, 일반직에 준하는 특정직 별정직",8급(2등급),6,2331300
2025,"일반직공무원, 일반직에 준하는 특정직 별정직",9급(1등급),6,2146800
2025,"일반직공무원, 일반직에 준하는 특정직 별정직",1급,7,5498000
2025,"일반직공무원, 일반직에 준하는 특정직 별정직",2급,7,4976000
2025,"일반직공무원, 일반직에 준하는 특정직 별정직",3급,7,4500500
2025,"일반직공무원, 일반직에 준하는 특정직 별정직",4급(6등급),7,3930700
2025,"일반직공무원, 일반직에 준하는 특정직 별정직",5급(5등급),7,3533600
2025,"일반직공무원, 일반직에 준하는 특정직 별정직",6급(4등급),7,2996600
2025,"일반직공무원, 일반직에 준하는 특정직 별정직",7급(3등급),7,2704100
2025,"일반직공무원, 일반직에 준하는 특정직 별정직",8급(2등급),7,2434400
2025,"일반직공무원, 일반직에 준하는 특정직 별정직",9급(1등급),7,2197300
2025,"일반직공무원, 일반직에 준하는 특정직 별정직",1급,8,5673300
2025,"일반직공무원, 일반직에 준하는 특정직 별정직",2급,8,5133900
2025,"일반직공무원, 일반직에 준하는 특정직 별정직",3급,8,4646400
2025,"일반직공무원, 일반직에 준하는 특정직 별정직",4급(6등급),8,4068700
2025,"일반직공무원, 일반직에 준하는 특정직 별정직",5급(5등급),8,3664900
2025,"일반직공무원, 일반직에 준하는 특정직 별정직",6급(4등급),8,3117100
2025,"일반직공무원, 일반직에 준하는 특정직 별정직",7급(3등급),8,2817200
2025,"일반직공무원, 일반직에 준하는 특정직 별정직",8급(2등급),8,2533700
2025,"일반직공무원, 일반직에 준하는 특정직 별정직",9급(1등급),8,2287400
2025,"일반직공무원, 일반직에 준하는 특정직 별정직",1급,9,5851300
2025,"일반직공무원, 일반직에 준하는 특정직 별정직",2급,9,5292900
2025,"일반직공무원, 일반직에 준하는 특정직 별정직",3급,9,4793600
2025,"일반직공무원, 일반직에 준하는 특정직 별정직",4급(6등급),9,4207200
2025,"일반직공무원, 일반직에 준하는 특정직 별정직",5급(5등급),9,3796700
2025,"일반직공무원, 일반직에 준하는 특정직 별정직",6급(4등급),9,3238000
2025,"일반직공무원, 일반직에 준하는 특정직 별정직",7급(3등급),9,2924700
2025,"일반직공무원, 일반직에 준하는 특정직 별정직",8급(2등급),9,2628300
2025,"일반직공무원, 일반직에 준하는 특정직 별정직",9급(1등급),9,2373600
2025,"일반직공무원, 일반직에 준하는 특정직 별정직",1급,10,6030200
2025,"일반직공무원, 일반직에 준하는 특정직 별정직",2급,10,5451700
2025,"일반직공무원, 일반직에 준하는 특정직 별정직",3급,10,4940700
2025,"일반직공무원, 일반직에 준하는 특정직 별정직",4급(6등급),10,4345600
2025,"일반직공무원, 일반직에 준하는 특정직 별정직",5급(5등급),10,3929300
2025,"일반직공무원, 일반직에 준하는 특정직 별정직",6급(4등급),10,3351400
2025,"일반직공무원, 일반직에 준하는 특정직 별정직",7급(3등급),10,3027300
2025,"일반직공무원, 일반직에 준하는 특정직 별정직",8급(2등급),10,2717900
2025,"일반직공무원, 일반직에 준하는 특정직 별정직",9급(1등급),10,2456700
2025,"일반직공무원, 일반직에 준하는 특정직 별정직",1급,11,6208700
2025,"일반직공무원, 일반직에 준하는 특정직 별정직",2급,11,5611300
2025,"일반직공무원, 일반직에 준하는 특정직 별정직",3급,11,5088100
2025,"일반직공무원, 일반직에 준하는 특정직 별정직",4급(6등급),11,4485100
2025,"일반직공무원, 일반직에 준하는 특정직 별정직",5급(5등급),11,4053400
2025,"일반직공무원, 일반직에 준하는 특정직 별정직",6급(4등급),11,3458900
2025,"일반직공무원, 일반직에 준하는 특정직 별정직",7급(3등급),11,3124100
2025,"일반직공무원, 일반직에 준하는 특정직 별정직",8급(2등급),11,2804500
2025,"일반직공무원, 일반직에 준하는 특정직 별정직",9급(1등급),11,2535700
2025,"일반직공무원, 일반직에 준하는 특정직 별정직",1급,12,6393300
2025,"일반직공무원, 일반직에 준하는 특정직 별정직",2급,12,5776400
2025,"일반직공무원, 일반직에 준하는 특정직 별정직",3급,12,5240800
2025,"일반직공무원, 일반직에 준하는 특정직 별정직",4급(6등급),12,4616500
2025,"일반직공무원, 일반직에 준하는 특정직 별정직",5급(5등급),12,4172900
2025,"일반직공무원, 일반직에 준하는 특정직 별정직",6급(4등급),12,3564800
2025,"일반직공무원, 일반직에 준하는 특정직 별정직",7급(3등급),12,3219200
2025,"일반직공무원, 일반직에 준하는 특정직 별정직",8급(2등급),12,2889200
2025,"일반직공무원, 일반직에 준하는 특정직 별정직",9급(1등급),12,2614400
2025,"일반직공무원, 일반직에 준하는 특정직 별정직",1급,13,6578900
2025,"일반직공무원, 일반직에 준하는 특정직 별정직",2급,13,5942500
2025,"일반직공무원, 일반직에 준하는 특정직 별정직",3급,13,5382800
2025,"일반직공무원, 일반직에 준하는 특정직 별정직",4급(6등급),13,4739200
2025,"일반직공무원, 일반직에 준하는 특정직 별정직",5급(5등급),13,4286400
2025,"일반직공무원, 일반직에 준하는 특정직 별정직",6급(4등급),13,3664400
2025,"일반직공무원, 일반직에 준하는 특정직 별정직",7급(3등급),13,3309500
2025,"일반직공무원, 일반직에 준하는 특정직 별정직",8급(2등급),13,2970500
2025,"일반직공무원, 일반직에 준하는 특정직 별정직",9급(1등급),13,2689800
2025,"일반직공무원, 일반직에 준하는 특정직 별정직",1급,14,6765000
2025,"일반직공무원, 일반직에 준하는 특정직 별정직",2급,14,6092900
2025,"일반직공무원, 일반직에 준하는 특정직 별정직",3급,14,5514600
2025,"일반직공무원, 일반직에 준하는 특정직 별정직",4급(6등급),14,4853900
2025,"일반직공무원, 일반직에 준하는 특정직 별정직",5급(5등급),14,4392200
2025,"일반직공무원, 일반직에 준하는 특정직 별정직",6급(4등급),14,3758500
2025,"일반직공무원, 일반직에 준하는 특정직 별정직",7급(3등급),14,3395700
2025,"일반직공무원, 일반직에 준하는 특정직 별정직",8급(2등급),14,3048400
2025,"일반직공무원, 일반직에 준하는 특정직 별정직",9급(1등급),14,2763100
2025,"일반직공무원, 일반직에 준하는 특정직 별정직",1급,15,6927600
2025,"일반직공무원, 일반직에 준하는 특정직 별정직",2급,15,6231500
2025,"일반직공무원, 일반직에 준하는 특정직 별정직",3급,15,5636100
2025,"일반직공무원, 일반직에 준하는 특정직 별정직",4급(6등급),15,4961800
2025,"일반직공무원, 일반직에 준하는 특정직 별정직",5급(5등급),15,4492200
2025,"일반직공무원, 일반직에 준하는 특정직 별정직",6급(4등급),15,3848900
2025,"일반직공무원, 일반직에 준하는 특정직 별정직",7급(3등급),15,3478200
2025,"일반직공무원, 일반직에 준하는 특정직 별정직",8급(2등급),15,3123100
2025,"일반직공무원, 일반직에 준하는 특정직 별정직",9급(1등급),15,2833100
2025,"일반직공무원, 일반직에 준하는 특정직 별정직",1급,16,7072100
2025,"일반직공무원, 일반직에 준하는 특정직 별정직",2급,16,6358500
2025,"일반직공무원, 일반직에 준하는 특정직 별정직",3급,16,5749300
2025,"일반직공무원, 일반직에 준하는 특정직 별정직",4급(6등급),16,5063700
2025,"일반직공무원, 일반직에 준하는 특정직 별정직",5급(5등급),16,4586300
2025,"일반직공무원, 일반직에 준하는 특정직 별정직",6급(4등급),16,3933600
2025,"일반직공무원, 일반직에 준하는 특정직 별정직",7급(3등급),16,3556100
2025,"일반직공무원, 일반직에 준하는 특정직 별정직",8급(2등급),16,3195300
2025,"일반직공무원, 일반직에 준하는 특정직 별정직",9급(1등급),16,2900800
2025,"일반직공무원, 일반직에 준하는 특정직 별정직",1급,17,7200100
2025,"일반직공무원, 일반직에 준하는 특정직 별정직",2급,17,6475400
2025,"일반직공무원, 일반직에 준하는 특정직 별정직",3급,17,5854500
2025,"일반직공무원, 일반직에 준하는 특정직 별정직",4급(6등급),17,5158200
2025,"일반직공무원, 일반직에 준하는 특정직 별정직",5급(5등급),17,4674800
2025,"일반직공무원, 일반직에 준하는 특정직 별정직",6급(4등급),17,4014400
2025,"일반직공무원, 일반직에 준하는 특정직 별정직",7급(3등급),17,3631000
2025,"일반직공무원, 일반직에 준하는 특정직 별정직",8급(2등급),17,3262600
2025,"일반직공무원, 일반직에 준하는 특정직 별정직",9급(1등급),17,2967000
2025,"일반직공무원, 일반직에 준하는 특정직 별정직",1급,18,7314100
2025,"일반직공무원, 일반직에 준하는 특정직 별정직",2급,18,6582300
2025,"일반직공무원, 일반직에 준하는 특정직 별정직",3급,18,5952400
2025,"일반직공무원, 일반직에 준하는 특정직 별정직",4급(6등급),18,5246500
2025,"일반직공무원, 일반직에 준하는 특정직 별정직",5급(5등급),18,4758300
2025,"일반직공무원, 일반직에 준하는 특정직 별정직",6급(4등급),18,4090900
2025,"일반직공무원, 일반직에 준하는 특정직 별정직",7급(3등급),18,3702500
2025,"일반직공무원, 일반직에 준하는 특정직 별정직",8급(2등급),18,3327800
2025,"일반직공무원, 일반직에 준하는 특정직 별정직",9급(1등급),18,3028500
2025,"일반직공무원, 일반직에 준하는 특정직 별정직",1급,19,7416200
2025,"일반직공무원, 일반직에 준하는 특정직 별정직",2급,19,6681100
2025,"일반직공무원, 일반직에 준하는 특정직 별정직",3급,19,6042800
2025,"일반직공무원, 일반직에 준하는 특정직 별정직",4급(6등급),19,5329000
2025,"일반직공무원, 일반직에 준하는 특정직 별정직",5급(5등급),19,4837000
2025,"일반직공무원, 일반직에 준하는 특정직 별정직",6급(4등급),19,4163400
2025,"일반직공무원, 일반직에 준하는 특정직 별정직",7급(3등급),19,3770000
2025,"일반직공무원, 일반직에 준하는 특정직 별정직",8급(2등급),19,3390600
2025,"일반직공무원, 일반직에 준하는 특정직 별정직",9급(1등급),19,3089200
2025,"일반직공무원, 일반직에 준하는 특정직 별정직",1급,20,7507800
2025,"일반직공무원, 일반직에 준하는 특정직 별정직",2급,20,6771100
2025,"일반직공무원, 일반직에 준하는 특정직 별정직",3급,20,6127600
2025,"일반직공무원, 일반직에 준하는 특정직 별정직",4급(6등급),20,5406100
2025,"일반직공무원, 일반직에 준하는 특정직 별정직",5급(5등급),20,4910800
2025,"일반직공무원, 일반직에 준하는 특정직 별정직",6급(4등급),20,4231500
2025,"일반직공무원, 일반직에 준하는 특정직 별정직",7급(3등급),20,3834200
2025,"일반직공무원, 일반직에 준하는 특정직 별정직",8급(2등급),20,3450300
2025,"일반직공무원, 일반직에 준하는 특정직 별정직",9급(1등급),20,3146900
2025,"일반직공무원, 일반직에 준하는 특정직 별정직",1급,21,7592100
2025,"일반직공무원, 일반직에 준하는 특정직 별정직",2급,21,6853500
2025,"일반직공무원, 일반직에 준하는 특정직 별정직",3급,21,6206100
2025,"일반직공무원, 일반직에 준하는 특정직 별정직",4급(6등급),21,5478100
2025,"일반직공무원, 일반직에 준하는 특정직 별정직",5급(5등급),21,4980200
2025,"일반직공무원, 일반직에 준하는 특정직 별정직",6급(4등급),21,4297200
2025,"일반직공무원, 일반직에 준하는 특정직 별정직",7급(3등급),21,3895500
2025,"일반직공무원, 일반직에 준하는 특정직 별정직",8급(2등급),21,3507400
2025,"일반직공무원, 일반직에 준하는 특정직 별정직",9급(1등급),21,3201400
2025,"일반직공무원, 일반직에 준하는 특정직 별정직",1급,22,7667200
2025,"일반직공무원, 일반직에 준하는 특정직 별정직",2급,22,6929100
2025,"일반직공무원, 일반직에 준하는 특정직 별정직",3급,22,6278700
2025,"일반직공무원, 일반직에 준하는 특정직 별정직",4급(6등급),22,5545600
2025,"일반직공무원, 일반직에 준하는 특정직 별정직",5급(5등급),22,5045400
2025,"일반직공무원, 일반직에 준하는 특정직 별정직",6급(4등급),22,4358900
2025,"일반직공무원, 일반직에 준하는 특정직 별정직",7급(3등급),22,3953200
2025,"일반직공무원, 일반직에 준하는 특정직 별정직",8급(2등급),22,3562200
2025,"일반직공무원, 일반직에 준하는 특정직 별정직",9급(1등급),22,3253700
2025,"일반직공무원, 일반직에 준하는 특정직 별정직",1급,23,7730800
2025,"일반직공무원, 일반직에 준하는 특정직 별정직",2급,23,6998200
2025,"일반직공무원, 일반직에 준하는 특정직 별정직",3급,23,6345700
2025,"일반직공무원, 일반직에 준하는 특정직 별정직",4급(6등급),23,5609100
2025,"일반직공무원, 일반직에 준하는 특정직 별정직",5급(5등급),23,5106900
2025,"일반직공무원, 일반직에 준하는 특정직 별정직",6급(4등급),23,4416700
2025,"일반직공무원, 일반직에 준하는 특정직 별정직",7급(3등급),23,4009300
2025,"일반직공무원, 일반직에 준하는 특정직 별정직",8급(2등급),23,3614300
2025,"일반직공무원, 일반직에 준하는 특정직 별정직",9급(1등급),23,3303600
2025,"일반직공무원, 일반직에 준하는 특정직 별정직",2급,24,7054800
2025,"일반직공무원, 일반직에 준하는 특정직 별정직",3급,24,6408500
2025,"일반직공무원, 일반직에 준하는 특정직 별정직",4급(6등급),24,5668900
2025,"일반직공무원, 일반직에 준하는 특정직 별정직",5급(5등급),24,5164400
2025,"일반직공무원, 일반직에 준하는 특정직 별정직",6급(4등급),24,4472000
2025,"일반직공무원, 일반직에 준하는 특정직 별정직",7급(3등급),24,4062300
2025,"일반직공무원, 일반직에 준하는 특정직 별정직",8급(2등급),24,3664600
2025,"일반직공무원, 일반직에 준하는 특정직 별정직",9급(1등급),24,3351500
2025,"일반직공무원, 일반직에 준하는 특정직 별정직",2급,25,7108800
2025,"일반직공무원, 일반직에 준하는 특정직 별정직",3급,25,6459700
2025,"일반직공무원, 일반직에 준하는 특정직 별정직",4급(6등급),25,5723500
2025,"일반직공무원, 일반직에 준하는 특정직 별정직",5급(5등급),25,5218800
2025,"일반직공무원, 일반직에 준하는 특정직 별정직",6급(4등급),25,4524400
2025,"일반직공무원, 일반직에 준하는 특정직 별정직",7급(3등급),25,4112600
2025,"일반직공무원, 일반직에 준하는 특정직 별정직",8급(2등급),25,3712400
2025,"일반직공무원, 일반직에 준하는 특정직 별정직",9급(1등급),25,3397100
2025,"일반직공무원, 일반직에 준하는 특정직 별정직",3급,26,6508900
2025,"일반직공무원, 일반직에 준하는 특정직 별정직",4급(6등급),26,5769900
2025,"일반직공무원, 일반직에 준하는 특정직 별정직",5급(5등급),26,5270000
2025,"일반직공무원, 일반직에 준하는 특정직 별정직",6급(4등급),26,4574000
2025,"일반직공무원, 일반직에 준하는 특정직 별정직",7급(3등급),26,4160900
2025,"일반직공무원, 일반직에 준하는 특정직 별정직",8급(2등급),26,3758700
2025,"일반직공무원, 일반직에 준하는 특정직 별정직",9급(1등급),26,3438400
2025,"일반직공무원, 일반직에 준하는 특정직 별정직",3급,27,6554400
2025,"일반직공무원, 일반직에 준하는 특정직 별정직",4급(6등급),27,5812500
2025,"일반직공무원, 일반직에 준하는 특정직 별정직",5급(5등급),27,5312500
2025,"일반직공무원, 일반직에 준하는 특정직 별정직",6급(4등급),27,4621100
2025,"일반직공무원, 일반직에 준하는 특정직 별정직",7급(3등급),27,4201600
2025,"일반직공무원, 일반직에 준하는 특정직 별정직",8급(2등급),27,3797300
2025,"일반직공무원, 일반직에 준하는 특정직 별정직",9급(1등급),27,3474000
2025,"일반직공무원, 일반직에 준하는 특정직 별정직",4급(6등급),28,5853400
2025,"일반직공무원, 일반직에 준하는 특정직 별정직",5급(5등급),28,5353300
2025,"일반직공무원, 일반직에 준하는 특정직 별정직",6급(4등급),28,4660600
2025,"일반직공무원, 일반직에 준하는 특정직 별정직",7급(3등급),28,4239600
2025,"일반직공무원, 일반직에 준하는 특정직 별정직",8급(2등급),28,3834500
2025,"일반직공무원, 일반직에 준하는 특정직 별정직",9급(1등급),28,3508200
2025,"일반직공무원, 일반직에 준하는 특정직 별정직",5급(5등급),29,5390800
2025,"일반직공무원, 일반직에 준하는 특정직 별정직",6급(4등급),29,4697500
2025,"일반직공무원, 일반직에 준하는 특정직 별정직",7급(3등급),29,4276400
2025,"일반직공무원, 일반직에 준하는 특정직 별정직",8급(2등급),29,3869700
2025,"일반직공무원, 일반직에 준하는 특정직 별정직",9급(1등급),29,3541200
2025,"일반직공무원, 일반직에 준하는 특정직 별정직",5급(5등급),30,5427200
2025,"일반직공무원, 일반직에 준하는 특정직 별정직",6급(4등급),30,4734100
2025,"일반직공무원, 일반직에 준하는 특정직 별정직",7급(3등급),30,4311500
2025,"일반직공무원, 일반직에 준하는 특정직 별정직",8급(2등급),30,3903700
2025,"일반직공무원, 일반직에 준하는 특정직 별정직",9급(1등급),30,3573300
2025,"일반직공무원, 일반직에 준하는 특정직 별정직",6급(4등급),31,4767900
2025,"일반직공무원, 일반직에 준하는 특정직 별정직",7급(3등급),31,4344400
2025,"일반직공무원, 일반직에 준하는 특정직 별정직",8급(2등급),31,3936800
2025,"일반직공무원, 일반직에 준하는 특정직 별정직",9급(1등급),31,3604900
2025,"일반직공무원, 일반직에 준하는 특정직 별정직",6급(4등급),32,4799800
2025,전문경력관,가군,1,2798500
2025,전문경력관,나군,1,2173600
2025,전문경력관,다군,1,2000900
2025,전문경력관,가군,2,2931200
2025,전문경력관,나군,2,2248900
2025,전문경력관,다군,2,2016900
2025,전문경력관,가군,3,3064300
2025,전문경력관,나군,3,2332400
2025,전문경력관,다군,3,2039400
2025,전문경력관,가군,4,3198500
2025,전문경력관,나군,4,2424800
2025,전문경력관,다군,4,2068600
2025,전문경력관,가군,5,3335200
2025,전문경력관,나군,5,2526900
2025,전문경력관,다군,5,2104800
2025,전문경력관,가군,6,3468800
2025,전문경력관,나군,6,2643400
2025,전문경력관,다군,6,2148300
2025,전문경력관,가군,7,3598300
2025,전문경력관,나군,7,2761400
2025,전문경력관,다군,7,2206000
2025,전문경력관,가군,8,3729200
2025,전문경력관,나군,8,2876200
2025,전문경력관,다군,8,2296800
2025,전문경력관,가군,9,3861300
2025,전문경력관,나군,9,2976600
2025,전문경력관,다군,9,2385100
2025,전문경력관,가군,10,3995900
2025,전문경력관,나군,10,3075400
2025,전문경력관,다군,10,2471800
2025,전문경력관,가군,11,4115700
2025,전문경력관,나군,11,3172500
2025,전문경력관,다군,11,2551200
2025,전문경력관,가군,12,4232000
2025,전문경력관,나군,12,3259200
2025,전문경력관,다군,12,2621400
2025,전문경력관,가군,13,4335800
2025,전문경력관,나군,13,3346800
2025,전문경력관,다군,13,2695500
2025,전문경력관,가군,14,4442800
2025,전문경력관,나군,14,3423200
2025,전문경력관,다군,14,2770900
2025,전문경력관,가군,15,4554900
2025,전문경력관,나군,15,3499500
2025,전문경력관,다군,15,2843300
2025,전문경력관,가군,16,4639900
2025,전문경력관,나군,16,3578500
2025,전문경력관,다군,16,2912400
2025,전문경력관,가군,17,4724100
2025,전문경력관,나군,17,3657800
2025,전문경력관,다군,17,2973700
2025,전문경력관,가군,18,4799000
2025,전문경력관,나군,18,3729100
2025,전문경력관,다군,18,3036300
2025,전문경력관,가군,19,4878100
2025,전문경력관,나군,19,3795400
2025,전문경력관,다군,19,3100000
2025,전문경력관,가군,20,4951900
2025,전문경력관,나군,20,3866000
2025,전문경력관,다군,20,3164800
2025,전문경력관,가군,21,5031000
2025,전문경력관,나군,21,3937700
2025,전문경력관,다군,21,3226000
2025,전문경력관,가군,22,5106500
2025,전문경력관,나군,22,4000600
2025,전문경력관,다군,22,3288800
2025,전문경력관,가군,23,5185600
2025,전문경력관,나군,23,4066400
2025,전문경력관,다군,23,3346300
2025,전문경력관,가군,24,5267100
2025,전문경력관,나군,24,4135100
2025,전문경력관,다군,24,3407900
2025,전문경력관,가군,25,5346600
2025,전문경력관,나군,25,4198300
2025,전문경력관,다군,25,3463800
2025,전문경력관,가군,26,5432000
2025,전문경력관,나군,26,4261500
2025,전문경력관,다군,26,3524500
2025,전문경력관,가군,27,5514800
2025,전문경력관,나군,27,4327800
2025,전문경력관,다군,27,3582200
2025,전문경력관,가군,28,5595600
2025,전문경력관,나군,28,4394500
2025,전문경력관,다군,28,3634000
2025,전문경력관,가군,29,5679800
2025,전문경력관,나군,29,4456500
2025,전문경력관,다군,29,3684800
2025,전문경력관,가군,30,5759100
2025,전문경력관,나군,30,4518000
2025,전문경력관,다군,30,3732800
2025,전문경력관,가군,31,5840500
2025,전문경력관,나군,31,4579400
2025,전문경력관,다군,31,3777100
2025,전문경력관,가군,32,5924400
2025,전문경력관,나군,32,4640500
2025,전문경력관,다군,32,3819500
2025,전문경력관,가군,33,6007300
2025,전문경력관,나군,33,4702900
2025,전문경력관,다군,33,3859600
2025,전문경력관,가군,34,6089900
2025,전문경력관,나군,34,4762200
2025,전문경력관,다군,34,3899200
2025,전문경력관,가군,35,6172100
2025,전문경력관,나군,35,4823700
2025,전문경력관,다군,35,3941100
2025,전문경력관,가군,36,6254400
2025,전문경력관,나군,36,4880700
2025,전문경력관,다군,36,3982300
2025,전문경력관,가군,37,6337300
2025,전문경력관,나군,37,4937300
2025,전문경력관,다군,37,4023400
2025,전문경력관,가군,38,6420500
2025,전문경력관,나군,38,4994100
2025,전문경력관,다군,38,4064400
2025,전문경력관,가군,39,6501900
2025,전문경력관,가군,40,6554400
2025,공안업무,1급,1,4739200
2025,공안업무,2급,1,4409200
2025,공안업무,3급,1,4026800
2025,공안업무,4급,1,3496600
2025,공안업무,5급,1,3020400
2025,공안업무,6급,1,2481500
2025,공안업무,7급,1,2319000
2025,공안업무,8급,1,2078100
2025,공안업무,9급,1,2000900
2025,공안업무,1급,2,4896900
2025,공안업무,2급,2,4559400
2025,공안업무,3급,2,4162000
2025,공안업무,4급,2,3624400
2025,공안업무,5급,2,3133400
2025,공안업무,6급,2,2588800
2025,공안업무,7급,2,2349400
2025,공안업무,8급,2,2121600
2025,공안업무,9급,2,2021700
2025,공안업무,1급,3,5058600
2025,공안업무,2급,3,4711700
2025,공안업무,3급,3,4301200
2025,공안업무,4급,3,3754400
2025,공안업무,5급,3,3250900
2025,공안업무,6급,3,2699500
2025,공안업무,7급,3,2415700
2025,공안업무,8급,3,2178100
2025,공안업무,9급,3,2052700
2025,공안업무,1급,4,5223900
2025,공안업무,2급,4,4865300
2025,공안업무,3급,4,4441400
2025,공안업무,4급,4,3887400
2025,공안업무,5급,4,3372900
2025,공안업무,6급,4,2812700
2025,공안업무,7급,4,2509900
2025,공안업무,8급,4,2248500
2025,공안업무,9급,4,2094400
2025,공안업무,1급,5,5393300
2025,공안업무,2급,5,5021200
2025,공안업무,3급,5,4583900
2025,공안업무,4급,5,4022200
2025,공안업무,5급,5,3498100
2025,공안업무,6급,5,2929300
2025,공안업무,7급,5,2618900
2025,공안업무,8급,5,2334100
2025,공안업무,9급,5,2147300
2025,공안업무,1급,6,5564700
2025,공안업무,2급,6,5177200
2025,공안업무,3급,6,4727800
2025,공안업무,4급,6,4158400
2025,공안업무,5급,6,3625800
2025,공안업무,6급,6,3049100
2025,공안업무,7급,6,2730400
2025,공안업무,8급,6,2436900
2025,공안업무,9급,6,2212200
2025,공안업무,1급,7,5738600
2025,공안업무,2급,7,5335300
2025,공안업무,3급,7,4873500
2025,공안업무,4급,7,4295700
2025,공안업무,5급,7,3755500
2025,공안업무,6급,7,3169200
2025,공안업무,7급,7,2842600
2025,공안업무,8급,7,2540000
2025,공안업무,9급,7,2290200
2025,공안업무,1급,8,5913900
2025,공안업무,2급,8,5493200
2025,공안업무,3급,8,5019400
2025,공안업무,4급,8,4433700
2025,공안업무,5급,8,3886800
2025,공안업무,6급,8,3289800
2025,공안업무,7급,8,2955700
2025,공안업무,8급,8,2639300
2025,공안업무,9급,8,2380100
2025,공안업무,1급,9,6091900
2025,공안업무,2급,9,5652200
2025,공안업무,3급,9,5166600
2025,공안업무,4급,9,4572200
2025,공안업무,5급,9,4018600
2025,공안업무,6급,9,3410700
2025,공안업무,7급,9,3063100
2025,공안업무,8급,9,2733800
2025,공안업무,9급,9,2466500
2025,공안업무,1급,10,6270800
2025,공안업무,2급,10,5811000
2025,공안업무,3급,10,5313700
2025,공안업무,4급,10,4710600
2025,공안업무,5급,10,4151200
2025,공안업무,6급,10,3524100
2025,공안업무,7급,10,3165800
2025,공안업무,8급,10,2823400
2025,공안업무,9급,10,2549400
2025,공안업무,1급,11,6449300
2025,공안업무,2급,11,5970600
2025,공안업무,3급,11,5461100
2025,공안업무,4급,11,4850100
2025,공안업무,5급,11,4275300
2025,공안업무,6급,11,3631700
2025,공안업무,7급,11,3262600
2025,공안업무,8급,11,2910100
2025,공안업무,9급,11,2628500
2025,공안업무,1급,12,6633900
2025,공안업무,2급,12,6135700
2025,공안업무,3급,12,5613800
2025,공안업무,4급,12,4981500
2025,공안업무,5급,12,4394800
2025,공안업무,6급,12,3737600
2025,공안업무,7급,12,3357700
2025,공안업무,8급,12,2994700
2025,공안업무,9급,12,2707300
2025,공안업무,1급,13,6819500
2025,공안업무,2급,13,6301800
2025,공안업무,3급,13,5755800
2025,공안업무,4급,13,5104200
2025,공안업무,5급,13,4508300
2025,공안업무,6급,13,3837200
2025,공안업무,7급,13,3447900
2025,공안업무,8급,13,3076100
2025,공안업무,9급,13,2782600
2025,공안업무,1급,14,7005600
2025,공안업무,2급,14,6452200
2025,공안업무,3급,14,5887600
2025,공안업무,4급,14,5218900
2025,공안업무,5급,14,4614100
2025,공안업무,6급,14,3931200
2025,공안업무,7급,14,3534200
2025,공안업무,8급,14,3153900
2025,공안업무,9급,14,2855700
2025,공안업무,1급,15,7168200
2025,공안업무,2급,15,6590800
2025,공안업무,3급,15,6009100
2025,공안업무,4급,15,5326800
2025,공안업무,5급,15,4714100
2025,공안업무,6급,15,4021600
2025,공안업무,7급,15,3616600
2025,공안업무,8급,15,3228600
2025,공안업무,9급,15,2925700
2025,공안업무,1급,16,7312700
2025,공안업무,2급,16,6717800
2025,공안업무,3급,16,6122300
2025,공안업무,4급,16,5428700
2025,공안업무,5급,16,4808200
2025,공안업무,6급,16,4106300
2025,공안업무,7급,16,3694600
2025,공안업무,8급,16,3300800
2025,공안업무,9급,16,2993600
2025,공안업무,1급,17,7440700
2025,공안업무,2급,17,6834700
2025,공안업무,3급,17,6227500
2025,공안업무,4급,17,5523200
2025,공안업무,5급,17,4896700
2025,공안업무,6급,17,4187200
2025,공안업무,7급,17,3769500
2025,공안업무,8급,17,3368100
2025,공안업무,9급,17,3059700
2025,공안업무,1급,18,7554700
2025,공안업무,2급,18,6941600
2025,공안업무,3급,18,6325400
2025,공안업무,4급,18,5611500
2025,공안업무,5급,18,4980200
2025,공안업무,6급,18,4263600
2025,공안업무,7급,18,3841100
2025,공안업무,8급,18,3433400
2025,공안업무,9급,18,3121400
2025,공안업무,1급,19,7656800
2025,공안업무,2급,19,7040400
2025,공안업무,3급,19,6415800
2025,공안업무,4급,19,5694000
2025,공안업무,5급,19,5058900
2025,공안업무,6급,19,4336100
2025,공안업무,7급,19,3908500
2025,공안업무,8급,19,3496100
2025,공안업무,9급,19,3181900
2025,공안업무,1급,20,7748400
2025,공안업무,2급,20,7130400
2025,공안업무,3급,20,6500600
2025,공안업무,4급,20,5771100
2025,공안업무,5급,20,5132700
2025,공안업무,6급,20,4404300
2025,공안업무,7급,20,3972700
2025,공안업무,8급,20,3555900
2025,공안업무,9급,20,3239800
2025,공안업무,1급,21,7832700
2025,공안업무,2급,21,7212800
2025,공안업무,3급,21,6579100
2025,공안업무,4급,21,5843100
2025,공안업무,5급,21,5202100
2025,공안업무,6급,21,4469800
2025,공안업무,7급,21,4034000
2025,공안업무,8급,21,3612900
2025,공안업무,9급,21,3294100
2025,공안업무,1급,22,7907800
2025,공안업무,2급,22,7288400
2025,공안업무,3급,22,6651700
2025,공안업무,4급,22,5910600
2025,공안업무,5급,22,5267300
2025,공안업무,6급,22,4531600
2025,공안업무,7급,22,4091800
2025,공안업무,8급,22,3667700
2025,공안업무,9급,22,3346500
2025,공안업무,1급,23,7971400
2025,공안업무,2급,23,7357500
2025,공안업무,3급,23,6718700
2025,공안업무,4급,23,5974100
2025,공안업무,5급,23,5328800
2025,공안업무,6급,23,4589500
2025,공안업무,7급,23,4147800
2025,공안업무,8급,23,3719800
2025,공안업무,9급,23,3396200
2025,공안업무,2급,24,7414100
2025,공안업무,3급,24,6781500
2025,공안업무,4급,24,6033900
2025,공안업무,5급,24,5386300
2025,공안업무,6급,24,4644700
2025,공안업무,7급,24,4200900
2025,공안업무,8급,24,3770200
2025,공안업무,9급,24,3444300
2025,공안업무,2급,25,7468100
2025,공안업무,3급,25,6832700
2025,공안업무,4급,25,6088500
2025,공안업무,5급,25,5440700
2025,공안업무,6급,25,4697100
2025,공안업무,7급,25,4251100
2025,공안업무,8급,25,3818000
2025,공안업무,9급,25,3489900
2025,공안업무,3급,26,6881900
2025,공안업무,4급,26,6134900
2025,공안업무,5급,26,5491900
2025,공안업무,6급,26,4746800
2025,공안업무,7급,26,4299400
2025,공안업무,8급,26,3864300
2025,공안업무,9급,26,3531000
2025,공안업무,3급,27,6927400
2025,공안업무,4급,27,6177500
2025,공안업무,5급,27,5534400
2025,공안업무,6급,27,4793800
2025,공안업무,7급,27,4340100
2025,공안업무,8급,27,3902900
2025,공안업무,9급,27,3566800
2025,공안업무,4급,28,6218400
2025,공안업무,5급,28,5575200
2025,공안업무,6급,28,4833400
2025,공안업무,7급,28,4378100
2025,공안업무,8급,28,3940100
2025,공안업무,9급,28,3601000
2025,공안업무,5급,29,5612700
2025,공안업무,6급,29,4870300
2025,공안업무,7급,29,4414800
2025,공안업무,8급,29,3975200
2025,공안업무,9급,29,3634000
2025,공안업무,5급,30,5649100
2025,공안업무,6급,30,4906800
2025,공안업무,7급,30,4450000
2025,공안업무,8급,30,4009300
2025,공안업무,9급,30,3666100
2025,공안업무,6급,31,4940600
2025,공안업무,7급,31,4483000
2025,공안업무,8급,31,4042300
2025,공안업무,9급,31,3697600
2025,공안업무,6급,32,4972400
2025,"연구직,국가정보원전문관",연구관,1,2798500
2025,"연구직,국가정보원전문관",연구사,1,2173600
2025,"연구직,국가정보원전문관",연구관,2,2935700
2025,"연구직,국가정보원전문관",연구사,2,2261300
2025,"연구직,국가정보원전문관",연구관,3,3072600
2025,"연구직,국가정보원전문관",연구사,3,2357500
2025,"연구직,국가정보원전문관",연구관,4,3209700
2025,"연구직,국가정보원전문관",연구사,4,2462900
2025,"연구직,국가정보원전문관",연구관,5,3346300
2025,"연구직,국가정보원전문관",연구사,5,2593500
2025,"연구직,국가정보원전문관",연구관,6,3544200
2025,"연구직,국가정보원전문관",연구사,6,2721000
2025,"연구직,국가정보원전문관",연구관,7,3741300
2025,"연구직,국가정보원전문관",연구사,7,2848800
2025,"연구직,국가정보원전문관",연구관,8,3938100
2025,"연구직,국가정보원전문관",연구사,8,2976500
2025,"연구직,국가정보원전문관",연구관,9,4134100
2025,"연구직,국가정보원전문관",연구사,9,3103300
2025,"연구직,국가정보원전문관",연구관,10,4330000
2025,"연구직,국가정보원전문관",연구사,10,3230300
2025,"연구직,국가정보원전문관",연구관,11,4504500
2025,"연구직,국가정보원전문관",연구사,11,3325900
2025,"연구직,국가정보원전문관",연구관,12,4678800
2025,"연구직,국가정보원전문관",연구사,12,3421500
2025,"연구직,국가정보원전문관",연구관,13,4850800
2025,"연구직,국가정보원전문관",연구사,13,3517600
2025,"연구직,국가정보원전문관",연구관,14,5024200
2025,"연구직,국가정보원전문관",연구사,14,3613300
2025,"연구직,국가정보원전문관",연구관,15,5195900
2025,"연구직,국가정보원전문관",연구사,15,3708700
2025,"연구직,국가정보원전문관",연구관,16,5363200
2025,"연구직,국가정보원전문관",연구사,16,3784900
2025,"연구직,국가정보원전문관",연구관,17,5529700
2025,"연구직,국가정보원전문관",연구사,17,3860400
2025,"연구직,국가정보원전문관",연구관,18,5696700
2025,"연구직,국가정보원전문관",연구사,18,3936800
2025,"연구직,국가정보원전문관",연구관,19,5861800
2025,"연구직,국가정보원전문관",연구사,19,4012100
2025,"연구직,국가정보원전문관",연구관,20,6027400
2025,"연구직,국가정보원전문관",연구사,20,4088100
2025,"연구직,국가정보원전문관",연구관,21,6165300
2025,"연구직,국가정보원전문관",연구사,21,4161200
2025,"연구직,국가정보원전문관",연구관,22,6302200
2025,"연구직,국가정보원전문관",연구사,22,4234900
2025,"연구직,국가정보원전문관",연구관,23,6439600
2025,"연구직,국가정보원전문관",연구사,23,4308300
2025,"연구직,국가정보원전문관",연구관,24,6576300
2025,"연구직,국가정보원전문관",연구사,24,4381500
2025,"연구직,국가정보원전문관",연구관,25,6713400
2025,"연구직,국가정보원전문관",연구사,25,4454400
2025,"연구직,국가정보원전문관",연구관,26,6828000
2025,"연구직,국가정보원전문관",연구사,26,4505000
2025,"연구직,국가정보원전문관",연구관,27,6944000
2025,"연구직,국가정보원전문관",연구사,27,4555400
2025,"연구직,국가정보원전문관",연구관,28,7059000
2025,"연구직,국가정보원전문관",연구사,28,4606100
2025,"연구직,국가정보원전문관",연구관,29,7173300
2025,"연구직,국가정보원전문관",연구사,29,4654900
2025,"연구직,국가정보원전문관",연구관,30,7288200
2025,"연구직,국가정보원전문관",연구사,30,4705200
2025,"연구직,국가정보원전문관",연구관,31,7377000
2025,"연구직,국가정보원전문관",연구사,31,4755400
2025,"연구직,국가정보원전문관",연구관,32,7466000
2025,"연구직,국가정보원전문관",연구사,32,4799300
2025,"연구직,국가정보원전문관",연구사,33,4843400
2025,"연구직,국가정보원전문관",연구사,34,4886600
2025,"연구직,국가정보원전문관",연구사,35,4930100
2025,"연구직,국가정보원전문관",연구사,36,4970600
2025,지도직,지도관,1,2798500
2025,지도직,지도사,1,2028200
2025,지도직,지도관,2,2934000
2025,지도직,지도사,2,2104500
2025,지도직,지도관,3,3068900
2025,지도직,지도사,3,2188500
2025,지도직,지도관,4,3204400
2025,지도직,지도사,4,2280800
2025,지도직,지도관,5,3337800
2025,지도직,지도사,5,2382300
2025,지도직,지도관,6,3515500
2025,지도직,지도사,6,2498300
2025,지도직,지도관,7,3693200
2025,지도직,지도사,7,2614800
2025,지도직,지도관,8,3871400
2025,지도직,지도사,8,2730400
2025,지도직,지도관,9,4048500
2025,지도직,지도사,9,2846300
2025,지도직,지도관,10,4224500
2025,지도직,지도사,10,2961700
2025,지도직,지도관,11,4383900
2025,지도직,지도사,11,3061200
2025,지도직,지도관,12,4542200
2025,지도직,지도사,12,3160200
2025,지도직,지도관,13,4700600
2025,지도직,지도사,13,3258700
2025,지도직,지도관,14,4858200
2025,지도직,지도사,14,3356800
2025,지도직,지도관,15,5014700
2025,지도직,지도사,15,3453700
2025,지도직,지도관,16,5152800
2025,지도직,지도사,16,3541200
2025,지도직,지도관,17,5293000
2025,지도직,지도사,17,3628400
2025,지도직,지도관,18,5431900
2025,지도직,지도사,18,3714800
2025,지도직,지도관,19,5569500
2025,지도직,지도사,19,3801000
2025,지도직,지도관,20,5706800
2025,지도직,지도사,20,3887600
2025,지도직,지도관,21,5829200
2025,지도직,지도사,21,3967800
2025,지도직,지도관,22,5952200
2025,지도직,지도사,22,4048500
2025,지도직,지도관,23,6074400
2025,지도직,지도사,23,4128200
2025,지도직,지도관,24,6196500
2025,지도직,지도사,24,4208000
2025,지도직,지도관,25,6318800
2025,지도직,지도사,25,4287300
2025,지도직,지도관,26,6425800
2025,지도직,지도사,26,4347200
2025,지도직,지도관,27,6532000
2025,지도직,지도사,27,4407900
2025,지도직,지도관,28,6638900
2025,지도직,지도사,28,4468600
2025,지도직,지도관,29,6744700
2025,지도직,지도사,29,4529000
2025,지도직,지도관,30,6852300
2025,지도직,지도사,30,4588400
2025,지도직,지도관,31,6924200
2025,지도직,지도사,31,4640500
2025,지도직,지도관,32,6996900
2025,지도직,지도사,32,4685900
2025,지도직,지도사,33,4731400
2025,지도직,지도사,34,4776500
2025,지도직,지도사,35,4821800
2025,지도직,지도사,36,4864000
2025,일반직(우정직군),우정1급,1,3317900
2025,일반직(우정직군),우정2급,1,3089000
2025,일반직(우정직군),우정3급,1,2878000
2025,일반직(우정직군),우정4급,1,2675800
2025,일반직(우정직군),우정5급,1,2483700
2025,일반직(우정직군),우정6급,1,2308700
2025,일반직(우정직군),우정7급,1,2173600
2025,일반직(우정직군),우정8급,1,2028200
2025,일반직(우정직군),우정9급,1,2000900
2025,일반직(우정직군),우정1급,2,3443500
2025,일반직(우정직군),우정2급,2,3210100
2025,일반직(우정직군),우정3급,2,2994800
2025,일반직(우정직군),우정4급,2,2790200
2025,일반직(우정직군),우정5급,2,2594400
2025,일반직(우정직군),우정6급,2,2416100
2025,일반직(우정직군),우정7급,2,2237100
2025,일반직(우정직군),우정8급,2,2067600
2025,일반직(우정직군),우정9급,2,2017000
2025,일반직(우정직군),우정1급,3,3574100
2025,일반직(우정직군),우정2급,3,3335700
2025,일반직(우정직군),우정3급,3,3114600
2025,일반직(우정직군),우정4급,3,2906800
2025,일반직(우정직군),우정5급,3,2708500
2025,일반직(우정직군),우정6급,3,2526800
2025,일반직(우정직군),우정7급,3,2307500
2025,일반직(우정직군),우정8급,3,2112500
2025,일반직(우정직군),우정9급,3,2039500
2025,일반직(우정직군),우정1급,4,3710500
2025,일반직(우정직군),우정2급,4,3466100
2025,일반직(우정직군),우정3급,4,3236000
2025,일반직(우정직군),우정4급,4,3026400
2025,일반직(우정직군),우정5급,4,2825000
2025,일반직(우정직군),우정6급,4,2640000
2025,일반직(우정직군),우정7급,4,2385500
2025,일반직(우정직군),우정8급,4,2163100
2025,일반직(우정직군),우정9급,4,2068300
2025,일반직(우정직군),우정1급,5,3851100
2025,일반직(우정직군),우정2급,5,3600500
2025,일반직(우정직군),우정3급,5,3359800
2025,일반직(우정직군),우정4급,5,3146200
2025,일반직(우정직군),우정5급,5,2944900
2025,일반직(우정직군),우정6급,5,2756600
2025,일반직(우정직군),우정7급,5,2480300
2025,일반직(우정직군),우정8급,5,2228500
2025,일반직(우정직군),우정9급,5,2104000
2025,일반직(우정직군),우정1급,6,3994900
2025,일반직(우정직군),우정2급,6,3737800
2025,일반직(우정직군),우정3급,6,3488000
2025,일반직(우정직군),우정4급,6,3267300
2025,일반직(우정직군),우정5급,6,3064900
2025,일반직(우정직군),우정6급,6,2876400
2025,일반직(우정직군),우정7급,6,2591900
2025,일반직(우정직군),우정8급,6,2331300
2025,일반직(우정직군),우정9급,6,2146800
2025,일반직(우정직군),우정1급,7,4143400
2025,일반직(우정직군),우정2급,7,3877300
2025,일반직(우정직군),우정3급,7,3617200
2025,일반직(우정직군),우정4급,7,3387900
2025,일반직(우정직군),우정5급,7,3185300
2025,일반직(우정직군),우정6급,7,2996600
2025,일반직(우정직군),우정7급,7,2704100
2025,일반직(우정직군),우정8급,7,2434400
2025,일반직(우정직군),우정9급,7,2197300
2025,일반직(우정직군),우정1급,8,4293200
2025,일반직(우정직군),우정2급,8,4019500
2025,일반직(우정직군),우정3급,8,3749600
2025,일반직(우정직군),우정4급,8,3509400
2025,일반직(우정직군),우정5급,8,3305900
2025,일반직(우정직군),우정6급,8,3117100
2025,일반직(우정직군),우정7급,8,2817200
2025,일반직(우정직군),우정8급,8,2533700
2025,일반직(우정직군),우정9급,8,2287400
2025,일반직(우정직군),우정1급,9,4444000
2025,일반직(우정직군),우정2급,9,4162000
2025,일반직(우정직군),우정3급,9,3882200
2025,일반직(우정직군),우정4급,9,3631500
2025,일반직(우정직군),우정5급,9,3427600
2025,일반직(우정직군),우정6급,9,3238000
2025,일반직(우정직군),우정7급,9,2924700
2025,일반직(우정직군),우정8급,9,2628300
2025,일반직(우정직군),우정9급,9,2373600
2025,일반직(우정직군),우정1급,10,4595400
2025,일반직(우정직군),우정2급,10,4305500
2025,일반직(우정직군),우정3급,10,4014800
2025,일반직(우정직군),우정4급,10,3754000
2025,일반직(우정직군),우정5급,10,3549500
2025,일반직(우정직군),우정6급,10,3351400
2025,일반직(우정직군),우정7급,10,3027300
2025,일반직(우정직군),우정8급,10,2717900
2025,일반직(우정직군),우정9급,10,2456700
2025,일반직(우정직군),우정1급,11,4747900
2025,일반직(우정직군),우정2급,11,4448500
2025,일반직(우정직군),우정3급,11,4147400
2025,일반직(우정직군),우정4급,11,3877200
2025,일반직(우정직군),우정5급,11,3663700
2025,일반직(우정직군),우정6급,11,3458900
2025,일반직(우정직군),우정7급,11,3124100
2025,일반직(우정직군),우정8급,11,2804500
2025,일반직(우정직군),우정9급,11,2535700
2025,일반직(우정직군),우정1급,12,4892500
2025,일반직(우정직군),우정2급,12,4577300
2025,일반직(우정직군),우정3급,12,4268300
2025,일반직(우정직군),우정4급,12,3995500
2025,일반직(우정직군),우정5급,12,3774400
2025,일반직(우정직군),우정6급,12,3564800
2025,일반직(우정직군),우정7급,12,3219200
2025,일반직(우정직군),우정8급,12,2889200
2025,일반직(우정직군),우정9급,12,2614400
2025,일반직(우정직군),우정1급,13,5027300
2025,일반직(우정직군),우정2급,13,4697300
2025,일반직(우정직군),우정3급,13,4380300
2025,일반직(우정직군),우정4급,13,4105900
2025,일반직(우정직군),우정5급,13,3879700
2025,일반직(우정직군),우정6급,13,3664400
2025,일반직(우정직군),우정7급,13,3309500
2025,일반직(우정직군),우정8급,13,2970500
2025,일반직(우정직군),우정9급,13,2689800
2025,일반직(우정직군),우정1급,14,5152700
2025,일반직(우정직군),우정2급,14,4810900
2025,일반직(우정직군),우정3급,14,4487400
2025,일반직(우정직군),우정4급,14,4210200
2025,일반직(우정직군),우정5급,14,3979300
2025,일반직(우정직군),우정6급,14,3758500
2025,일반직(우정직군),우정7급,14,3395700
2025,일반직(우정직군),우정8급,14,3048400
2025,일반직(우정직군),우정9급,14,2763100
2025,일반직(우정직군),우정1급,15,5269000
2025,일반직(우정직군),우정2급,15,4916400
2025,일반직(우정직군),우정3급,15,4586500
2025,일반직(우정직군),우정4급,15,4308700
2025,일반직(우정직군),우정5급,15,4073800
2025,일반직(우정직군),우정6급,15,3848900
2025,일반직(우정직군),우정7급,15,3478200
2025,일반직(우정직군),우정8급,15,3123100
2025,일반직(우정직군),우정9급,15,2833100
2025,일반직(우정직군),우정1급,16,5377400
2025,일반직(우정직군),우정2급,16,5016500
2025,일반직(우정직군),우정3급,16,4680800
2025,일반직(우정직군),우정4급,16,4402200
2025,일반직(우정직군),우정5급,16,4163000
2025,일반직(우정직군),우정6급,16,3933600
2025,일반직(우정직군),우정7급,16,3556100
2025,일반직(우정직군),우정8급,16,3195300
2025,일반직(우정직군),우정9급,16,2900800
2025,일반직(우정직군),우정1급,17,5477600
2025,일반직(우정직군),우정2급,17,5109000
2025,일반직(우정직군),우정3급,17,4769600
2025,일반직(우정직군),우정4급,17,4490100
2025,일반직(우정직군),우정5급,17,4247600
2025,일반직(우정직군),우정6급,17,4014400
2025,일반직(우정직군),우정7급,17,3631000
2025,일반직(우정직군),우정8급,17,3262600
2025,일반직(우정직군),우정9급,17,2967000
2025,일반직(우정직군),우정1급,18,5570400
2025,일반직(우정직군),우정2급,18,5196200
2025,일반직(우정직군),우정3급,18,4853600
2025,일반직(우정직군),우정4급,18,4573100
2025,일반직(우정직군),우정5급,18,4327100
2025,일반직(우정직군),우정6급,18,4090900
2025,일반직(우정직군),우정7급,18,3702500
2025,일반직(우정직군),우정8급,18,3327800
2025,일반직(우정직군),우정9급,18,3028500
2025,일반직(우정직군),우정1급,19,5657100
2025,일반직(우정직군),우정2급,19,5277600
2025,일반직(우정직군),우정3급,19,4932600
2025,일반직(우정직군),우정4급,19,4650800
2025,일반직(우정직군),우정5급,19,4401900
2025,일반직(우정직군),우정6급,19,4163400
2025,일반직(우정직군),우정7급,19,3770000
2025,일반직(우정직군),우정8급,19,3390600
2025,일반직(우정직군),우정9급,19,3089200
2025,일반직(우정직군),우정1급,20,5737400
2025,일반직(우정직군),우정2급,20,5354400
2025,일반직(우정직군),우정3급,20,5006800
2025,일반직(우정직군),우정4급,20,4724900
2025,일반직(우정직군),우정5급,20,4473700
2025,일반직(우정직군),우정6급,20,4231500
2025,일반직(우정직군),우정7급,20,3834200
2025,일반직(우정직군),우정8급,20,3450300
2025,일반직(우정직군),우정9급,20,3146900
2025,일반직(우정직군),우정1급,21,5812400
2025,일반직(우정직군),우정2급,21,5425100
2025,일반직(우정직군),우정3급,21,5076800
2025,일반직(우정직군),우정4급,21,4794100
2025,일반직(우정직군),우정5급,21,4541200
2025,일반직(우정직군),우정6급,21,4297200
2025,일반직(우정직군),우정7급,21,3895500
2025,일반직(우정직군),우정8급,21,3507400
2025,일반직(우정직군),우정9급,21,3201400
2025,일반직(우정직군),우정1급,22,5881100
2025,일반직(우정직군),우정2급,22,5492600
2025,일반직(우정직군),우정3급,22,5142400
2025,일반직(우정직군),우정4급,22,4859300
2025,일반직(우정직군),우정5급,22,4603800
2025,일반직(우정직군),우정6급,22,4358900
2025,일반직(우정직군),우정7급,22,3953200
2025,일반직(우정직군),우정8급,22,3562200
2025,일반직(우정직군),우정9급,22,3253700
2025,일반직(우정직군),우정1급,23,5938300
2025,일반직(우정직군),우정2급,23,5555400
2025,일반직(우정직군),우정3급,23,5205000
2025,일반직(우정직군),우정4급,23,4920600
2025,일반직(우정직군),우정5급,23,4663600
2025,일반직(우정직군),우정6급,23,4416700
2025,일반직(우정직군),우정7급,23,4009300
2025,일반직(우정직군),우정8급,23,3614300
2025,일반직(우정직군),우정9급,23,3303600
2025,일반직(우정직군),우정1급,24,5991700
2025,일반직(우정직군),우정2급,24,5608000
2025,일반직(우정직군),우정3급,24,5262700
2025,일반직(우정직군),우정4급,24,4979000
2025,일반직(우정직군),우정5급,24,4720600
2025,일반직(우정직군),우정6급,24,4472000
2025,일반직(우정직군),우정7급,24,4062300
2025,일반직(우정직군),우정8급,24,3664600
2025,일반직(우정직군),우정9급,24,3351500
2025,일반직(우정직군),우정2급,25,5657300
2025,일반직(우정직군),우정3급,25,5311800
2025,일반직(우정직군),우정4급,25,5033400
2025,일반직(우정직군),우정5급,25,4774700
2025,일반직(우정직군),우정6급,25,4524400
2025,일반직(우정직군),우정7급,25,4112600
2025,일반직(우정직군),우정8급,25,3712400
2025,일반직(우정직군),우정9급,25,3397100
2025,일반직(우정직군),우정3급,26,5358100
2025,일반직(우정직군),우정4급,26,5078600
2025,일반직(우정직군),우정5급,26,4824600
2025,일반직(우정직군),우정6급,26,4574000
2025,일반직(우정직군),우정7급,26,4160900
2025,일반직(우정직군),우정8급,26,3758700
2025,일반직(우정직군),우정9급,26,3438400
2025,일반직(우정직군),우정3급,27,5402400
2025,일반직(우정직군),우정4급,27,5121500
2025,일반직(우정직군),우정5급,27,4867200
2025,일반직(우정직군),우정6급,27,4621100
2025,일반직(우정직군),우정7급,27,4201600
2025,일반직(우정직군),우정8급,27,3797300
2025,일반직(우정직군),우정9급,27,3474000
2025,일반직(우정직군),우정4급,28,5163100
2025,일반직(우정직군),우정5급,28,4907600
2025,일반직(우정직군),우정6급,28,4660600
2025,일반직(우정직군),우정7급,28,4239600
2025,일반직(우정직군),우정8급,28,3834500
2025,일반직(우정직군),우정9급,28,3508200
2025,일반직(우정직군),우정4급,29,5201100
2025,일반직(우정직군),우정5급,29,4945100
2025,일반직(우정직군),우정6급,29,4697500
2025,일반직(우정직군),우정7급,29,4276400
2025,일반직(우정직군),우정8급,29,3869700
2025,일반직(우정직군),우정9급,29,3541200
2025,일반직(우정직군),우정5급,30,4981600
2025,일반직(우정직군),우정6급,30,4734100
2025,일반직(우정직군),우정7급,30,4311500
2025,일반직(우정직군),우정8급,30,3903700
2025,일반직(우정직군),우정9급,30,3573300
2025,일반직(우정직군),우정6급,31,4767900
2025,일반직(우정직군),우정7급,31,4344400
2025,일반직(우정직군),우정8급,31,3936800
2025,일반직(우정직군),우정9급,31,3604900
2025,일반직(우정직군),우정6급,32,4799800
2025,경찰(소방),치안정감(소방정감),1,4739200
2025,경찰(소방),치안감(소방감),1,4409200
2025,경찰(소방),경무관(소방준감),1,4026800
2025,경찰(소방),총경(소방정),1,3496600
2025,경찰(소방),경정(소방령),1,3020400
2025,경찰(소방),경감(소방경),1,2607300
2025,경찰(소방),경위(소방위),1,2352400
2025,경찰(소방),경사(소방장),1,2319000
2025,경찰(소방),경장(소방교),1,2078100
2025,경찰(소방),순경(소방사),1,2000900
2025,경찰(소방),치안정감(소방정감),2,4896900
2025,경찰(소방),치안감(소방감),2,4559400
2025,경찰(소방),경무관(소방준감),2,4162000
2025,경찰(소방),총경(소방정),2,3624400
2025,경찰(소방),경정(소방령),2,3133400
2025,경찰(소방),경감(소방경),2,2719500
2025,경찰(소방),경위(소방위),2,2439600
2025,경찰(소방),경사(소방장),2,2349400
2025,경찰(소방),경장(소방교),2,2121600
2025,경찰(소방),순경(소방사),2,2031100
2025,경찰(소방),치안정감(소방정감),3,5058600
2025,경찰(소방),치안감(소방감),3,4711700
2025,경찰(소방),경무관(소방준감),3,4301200
2025,경찰(소방),총경(소방정),3,3754400
2025,경찰(소방),경정(소방령),3,3250900
2025,경찰(소방),경감(소방경),3,2833800
2025,경찰(소방),경위(소방위),3,2550700
2025,경찰(소방),경사(소방장),3,2415700
2025,경찰(소방),경장(소방교),3,2178100
2025,경찰(소방),순경(소방사),3,2070500
2025,경찰(소방),치안정감(소방정감),4,5223900
2025,경찰(소방),치안감(소방감),4,4865300
2025,경찰(소방),경무관(소방준감),4,4441400
2025,경찰(소방),총경(소방정),4,3887400
2025,경찰(소방),경정(소방령),4,3372900
2025,경찰(소방),경감(소방경),4,2951600
2025,경찰(소방),경위(소방위),4,2664900
2025,경찰(소방),경사(소방장),4,2509900
2025,경찰(소방),경장(소방교),4,2248500
2025,경찰(소방),순경(소방사),4,2119500
2025,경찰(소방),치안정감(소방정감),5,5393300
2025,경찰(소방),치안감(소방감),5,5021200
2025,경찰(소방),경무관(소방준감),5,4583900
2025,경찰(소방),총경(소방정),5,4022200
2025,경찰(소방),경정(소방령),5,3498100
2025,경찰(소방),경감(소방경),5,3071200
2025,경찰(소방),경위(소방위),5,2782100
2025,경찰(소방),경사(소방장),5,2618900
2025,경찰(소방),경장(소방교),5,2334100
2025,경찰(소방),순경(소방사),5,2178700
2025,경찰(소방),치안정감(소방정감),6,5564700
2025,경찰(소방),치안감(소방감),6,5177200
2025,경찰(소방),경무관(소방준감),6,4727800
2025,경찰(소방),총경(소방정),6,4158400
2025,경찰(소방),경정(소방령),6,3625800
2025,경찰(소방),경감(소방경),6,3193700
2025,경찰(소방),경위(소방위),6,2900300
2025,경찰(소방),경사(소방장),6,2730400
2025,경찰(소방),경장(소방교),6,2436900
2025,경찰(소방),순경(소방사),6,2248900
2025,경찰(소방),치안정감(소방정감),7,5738600
2025,경찰(소방),치안감(소방감),7,5335300
2025,경찰(소방),경무관(소방준감),7,4873500
2025,경찰(소방),총경(소방정),7,4295700
2025,경찰(소방),경정(소방령),7,3755500
2025,경찰(소방),경감(소방경),7,3318900
2025,경찰(소방),경위(소방위),7,3019700
2025,경찰(소방),경사(소방장),7,2842600
2025,경찰(소방),경장(소방교),7,2540000
2025,경찰(소방),순경(소방사),7,2331000
2025,경찰(소방),치안정감(소방정감),8,5913900
2025,경찰(소방),치안감(소방감),8,5493200
2025,경찰(소방),경무관(소방준감),8,5019400
2025,경찰(소방),총경(소방정),8,4433700
2025,경찰(소방),경정(소방령),8,3886800
2025,경찰(소방),경감(소방경),8,3445100
2025,경찰(소방),경위(소방위),8,3139100
2025,경찰(소방),경사(소방장),8,2955700
2025,경찰(소방),경장(소방교),8,2639300
2025,경찰(소방),순경(소방사),8,2420900
2025,경찰(소방),치안정감(소방정감),9,6091900
2025,경찰(소방),치안감(소방감),9,5652200
2025,경찰(소방),경무관(소방준감),9,5166600
2025,경찰(소방),총경(소방정),9,4572200
2025,경찰(소방),경정(소방령),9,4018600
2025,경찰(소방),경감(소방경),9,3572600
2025,경찰(소방),경위(소방위),9,3259200
2025,경찰(소방),경사(소방장),9,3063100
2025,경찰(소방),경장(소방교),9,2733800
2025,경찰(소방),순경(소방사),9,2507300
2025,경찰(소방),치안정감(소방정감),10,6270800
2025,경찰(소방),치안감(소방감),10,5811000
2025,경찰(소방),경무관(소방준감),10,5313700
2025,경찰(소방),총경(소방정),10,4710600
2025,경찰(소방),경정(소방령),10,4151200
2025,경찰(소방),경감(소방경),10,3691600
2025,경찰(소방),경위(소방위),10,3372700
2025,경찰(소방),경사(소방장),10,3165800
2025,경찰(소방),경장(소방교),10,2823400
2025,경찰(소방),순경(소방사),10,2590200
2025,경찰(소방),치안정감(소방정감),11,6449300
2025,경찰(소방),치안감(소방감),11,5970600
2025,경찰(소방),경무관(소방준감),11,5461100
2025,경찰(소방),총경(소방정),11,4850100
2025,경찰(소방),경정(소방령),11,4275300
2025,경찰(소방),경감(소방경),11,3804400
2025,경찰(소방),경위(소방위),11,3479000
2025,경찰(소방),경사(소방장),11,3262600
2025,경찰(소방),경장(소방교),11,2910100
2025,경찰(소방),순경(소방사),11,2669500
2025,경찰(소방),치안정감(소방정감),12,6633900
2025,경찰(소방),치안감(소방감),12,6135700
2025,경찰(소방),경무관(소방준감),12,5613800
2025,경찰(소방),총경(소방정),12,4981500
2025,경찰(소방),경정(소방령),12,4394800
2025,경찰(소방),경감(소방경),12,3914200
2025,경찰(소방),경위(소방위),12,3584000
2025,경찰(소방),경사(소방장),12,3357700
2025,경찰(소방),경장(소방교),12,2994700
2025,경찰(소방),순경(소방사),12,2747900
2025,경찰(소방),치안정감(소방정감),13,6819500
2025,경찰(소방),치안감(소방감),13,6301800
2025,경찰(소방),경무관(소방준감),13,5755800
2025,경찰(소방),총경(소방정),13,5104200
2025,경찰(소방),경정(소방령),13,4508300
2025,경찰(소방),경감(소방경),13,4017800
2025,경찰(소방),경위(소방위),13,3683500
2025,경찰(소방),경사(소방장),13,3447900
2025,경찰(소방),경장(소방교),13,3076100
2025,경찰(소방),순경(소방사),13,2823400
2025,경찰(소방),치안정감(소방정감),14,7005600
2025,경찰(소방),치안감(소방감),14,6452200
2025,경찰(소방),경무관(소방준감),14,5887600
2025,경찰(소방),총경(소방정),14,5218900
2025,경찰(소방),경정(소방령),14,4614100
2025,경찰(소방),경감(소방경),14,4116900
2025,경찰(소방),경위(소방위),14,3776900
2025,경찰(소방),경사(소방장),14,3534200
2025,경찰(소방),경장(소방교),14,3153900
2025,경찰(소방),순경(소방사),14,2896700
2025,경찰(소방),치안정감(소방정감),15,7168200
2025,경찰(소방),치안감(소방감),15,6590800
2025,경찰(소방),경무관(소방준감),15,6009100
2025,경찰(소방),총경(소방정),15,5326800
2025,경찰(소방),경정(소방령),15,4714100
2025,경찰(소방),경감(소방경),15,4209700
2025,경찰(소방),경위(소방위),15,3867300
2025,경찰(소방),경사(소방장),15,3616600
2025,경찰(소방),경장(소방교),15,3228600
2025,경찰(소방),순경(소방사),15,2966700
2025,경찰(소방),치안정감(소방정감),16,7312700
2025,경찰(소방),치안감(소방감),16,6717800
2025,경찰(소방),경무관(소방준감),16,6122300
2025,경찰(소방),총경(소방정),16,5428700
2025,경찰(소방),경정(소방령),16,4808200
2025,경찰(소방),경감(소방경),16,4299000
2025,경찰(소방),경위(소방위),16,3951800
2025,경찰(소방),경사(소방장),16,3694600
2025,경찰(소방),경장(소방교),16,3300800
2025,경찰(소방),순경(소방사),16,3034400
2025,경찰(소방),치안정감(소방정감),17,7440700
2025,경찰(소방),치안감(소방감),17,6834700
2025,경찰(소방),경무관(소방준감),17,6227500
2025,경찰(소방),총경(소방정),17,5523200
2025,경찰(소방),경정(소방령),17,4896700
2025,경찰(소방),경감(소방경),17,4382000
2025,경찰(소방),경위(소방위),17,4032600
2025,경찰(소방),경사(소방장),17,3769500
2025,경찰(소방),경장(소방교),17,3368100
2025,경찰(소방),순경(소방사),17,3100600
2025,경찰(소방),치안정감(소방정감),18,7554700
2025,경찰(소방),치안감(소방감),18,6941600
2025,경찰(소방),경무관(소방준감),18,6325400
2025,경찰(소방),총경(소방정),18,5611500
2025,경찰(소방),경정(소방령),18,4980200
2025,경찰(소방),경감(소방경),18,4461900
2025,경찰(소방),경위(소방위),18,4108900
2025,경찰(소방),경사(소방장),18,3841100
2025,경찰(소방),경장(소방교),18,3433400
2025,경찰(소방),순경(소방사),18,3162300
2025,경찰(소방),치안정감(소방정감),19,7656800
2025,경찰(소방),치안감(소방감),19,7040400
2025,경찰(소방),경무관(소방준감),19,6415800
2025,경찰(소방),총경(소방정),19,5694000
2025,경찰(소방),경정(소방령),19,5058900
2025,경찰(소방),경감(소방경),19,4536600
2025,경찰(소방),경위(소방위),19,4181500
2025,경찰(소방),경사(소방장),19,3908500
2025,경찰(소방),경장(소방교),19,3496100
2025,경찰(소방),순경(소방사),19,3222900
2025,경찰(소방),치안정감(소방정감),20,7748400
2025,경찰(소방),치안감(소방감),20,7130400
2025,경찰(소방),경무관(소방준감),20,6500600
2025,경찰(소방),총경(소방정),20,5771100
2025,경찰(소방),경정(소방령),20,5132700
2025,경찰(소방),경감(소방경),20,4607500
2025,경찰(소방),경위(소방위),20,4250500
2025,경찰(소방),경사(소방장),20,3972700
2025,경찰(소방),경장(소방교),20,3555900
2025,경찰(소방),순경(소방사),20,3280600
2025,경찰(소방),치안정감(소방정감),21,7832700
2025,경찰(소방),치안감(소방감),21,7212800
2025,경찰(소방),경무관(소방준감),21,6579100
2025,경찰(소방),총경(소방정),21,5843100
2025,경찰(소방),경정(소방령),21,5202100
2025,경찰(소방),경감(소방경),21,4674300
2025,경찰(소방),경위(소방위),21,4316100
2025,경찰(소방),경사(소방장),21,4034000
2025,경찰(소방),경장(소방교),21,3612900
2025,경찰(소방),순경(소방사),21,3334900
2025,경찰(소방),치안정감(소방정감),22,7907800
2025,경찰(소방),치안감(소방감),22,7288400
2025,경찰(소방),경무관(소방준감),22,6651700
2025,경찰(소방),총경(소방정),22,5910600
2025,경찰(소방),경정(소방령),22,5267300
2025,경찰(소방),경감(소방경),22,4738800
2025,경찰(소방),경위(소방위),22,4378000
2025,경찰(소방),경사(소방장),22,4091800
2025,경찰(소방),경장(소방교),22,3667700
2025,경찰(소방),순경(소방사),22,3387400
2025,경찰(소방),치안정감(소방정감),23,7971400
2025,경찰(소방),치안감(소방감),23,7357500
2025,경찰(소방),경무관(소방준감),23,6718700
2025,경찰(소방),총경(소방정),23,5974100
2025,경찰(소방),경정(소방령),23,5328800
2025,경찰(소방),경감(소방경),23,4798000
2025,경찰(소방),경위(소방위),23,4436700
2025,경찰(소방),경사(소방장),23,4147800
2025,경찰(소방),경장(소방교),23,3719800
2025,경찰(소방),순경(소방사),23,3437300
2025,경찰(소방),치안감(소방감),24,7414100
2025,경찰(소방),경무관(소방준감),24,6781500
2025,경찰(소방),총경(소방정),24,6033900
2025,경찰(소방),경정(소방령),24,5386300
2025,경찰(소방),경감(소방경),24,4855300
2025,경찰(소방),경위(소방위),24,4493000
2025,경찰(소방),경사(소방장),24,4200900
2025,경찰(소방),경장(소방교),24,3770200
2025,경찰(소방),순경(소방사),24,3485200
2025,경찰(소방),치안감(소방감),25,7468100
2025,경찰(소방),경무관(소방준감),25,6832700
2025,경찰(소방),총경(소방정),25,6088500
2025,경찰(소방),경정(소방령),25,5440700
2025,경찰(소방),경감(소방경),25,4909300
2025,경찰(소방),경위(소방위),25,4546600
2025,경찰(소방),경사(소방장),25,4251100
2025,경찰(소방),경장(소방교),25,3818000
2025,경찰(소방),순경(소방사),25,3530600
2025,경찰(소방),경무관(소방준감),26,6881900
2025,경찰(소방),총경(소방정),26,6134900
2025,경찰(소방),경정(소방령),26,5491900
2025,경찰(소방),경감(소방경),26,4960400
2025,경찰(소방),경위(소방위),26,4595700
2025,경찰(소방),경사(소방장),26,4299400
2025,경찰(소방),경장(소방교),26,3864300
2025,경찰(소방),순경(소방사),26,3572100
2025,경찰(소방),경무관(소방준감),27,6927400
2025,경찰(소방),총경(소방정),27,6177500
2025,경찰(소방),경정(소방령),27,5534400
2025,경찰(소방),경감(소방경),27,5008000
2025,경찰(소방),경위(소방위),27,4637700
2025,경찰(소방),경사(소방장),27,4340100
2025,경찰(소방),경장(소방교),27,3902900
2025,경찰(소방),순경(소방사),27,3607600
2025,경찰(소방),총경(소방정),28,6218400
2025,경찰(소방),경정(소방령),28,5575200
2025,경찰(소방),경감(소방경),28,5048900
2025,경찰(소방),경위(소방위),28,4678200
2025,경찰(소방),경사(소방장),28,4378100
2025,경찰(소방),경장(소방교),28,3940100
2025,경찰(소방),순경(소방사),28,3641800
2025,경찰(소방),경정(소방령),29,5612700
2025,경찰(소방),경감(소방경),29,5086800
2025,경찰(소방),경위(소방위),29,4716400
2025,경찰(소방),경사(소방장),29,4414800
2025,경찰(소방),경장(소방교),29,3975200
2025,경찰(소방),순경(소방사),29,3674800
2025,경찰(소방),경정(소방령),30,5649100
2025,경찰(소방),경감(소방경),30,5123900
2025,경찰(소방),경위(소방위),30,4752300
2025,경찰(소방),경사(소방장),30,4450000
2025,경찰(소방),경장(소방교),30,4009300
2025,경찰(소방),순경(소방사),30,3707100
2025,경찰(소방),경감(소방경),31,5158100
2025,경찰(소방),경위(소방위),31,4786800
2025,경찰(소방),경사(소방장),31,4483000
2025,경찰(소방),경장(소방교),31,4042300
2025,경찰(소방),순경(소방사),31,3738400
2025,경찰(소방),경감(소방경),32,5190800
2025,교원(고등이하),고등이하교원,1,1915100
2025,교원(고등이하),고등이하교원,2,1973100
2025,교원(고등이하),고등이하교원,3,2031900
2025,교원(고등이하),고등이하교원,4,2090500
2025,교원(고등이하),고등이하교원,5,2149600
2025,교원(고등이하),고등이하교원,6,2208600
2025,교원(고등이하),고등이하교원,7,2267000
2025,교원(고등이하),고등이하교원,8,2325100
2025,교원(고등이하),고등이하교원,9,2365500
2025,교원(고등이하),고등이하교원,10,2387800
2025,교원(고등이하),고등이하교원,11,2408300
2025,교원(고등이하),고등이하교원,12,2455700
2025,교원(고등이하),고등이하교원,13,2567600
2025,교원(고등이하),고등이하교원,14,2679900
2025,교원(고등이하),고등이하교원,15,2792000
2025,교원(고등이하),고등이하교원,16,2904500
2025,교원(고등이하),고등이하교원,17,3015500
2025,교원(고등이하),고등이하교원,18,3131900
2025,교원(고등이하),고등이하교원,19,3247500
2025,교원(고등이하),고등이하교원,20,3363300
2025,교원(고등이하),고등이하교원,21,3478900
2025,교원(고등이하),고등이하교원,22,3607300
2025,교원(고등이하),고등이하교원,23,3734600
2025,교원(고등이하),고등이하교원,24,3862300
2025,교원(고등이하),고등이하교원,25,3989800
2025,교원(고등이하),고등이하교원,26,4117800
2025,교원(고등이하),고등이하교원,27,4251300
2025,교원(고등이하),고등이하교원,28,4384500
2025,교원(고등이하),고등이하교원,29,4523800
2025,교원(고등이하),고등이하교원,30,4663600
2025,교원(고등이하),고등이하교원,31,4803000
2025,교원(고등이하),고등이하교원,32,4942200
2025,교원(고등이하),고등이하교원,33,5083700
2025,교원(고등이하),고등이하교원,34,5224600
2025,교원(고등이하),고등이하교원,35,5365800
2025,교원(고등이하),고등이하교원,36,5506400
2025,교원(고등이하),고등이하교원,37,5628700
2025,교원(고등이하),고등이하교원,38,5751200
2025,교원(고등이하),고등이하교원,39,5873900
2025,교원(고등이하),고등이하교원,40,5995800
2025,교원(국립대학),국립대학교원,1,2299000
2025,교원(국립대학),국립대학교원,2,2371300
2025,교원(국립대학),국립대학교원,3,2444200
2025,교원(국립대학),국립대학교원,4,2516400
2025,교원(국립대학),국립대학교원,5,2589300
2025,교원(국립대학),국립대학교원,6,2669100
2025,교원(국립대학),국립대학교원,7,2748700
2025,교원(국립대학),국립대학교원,8,2828700
2025,교원(국립대학),국립대학교원,9,2948700
2025,교원(국립대학),국립대학교원,10,3068700
2025,교원(국립대학),국립대학교원,11,3188900
2025,교원(국립대학),국립대학교원,12,3308400
2025,교원(국립대학),국립대학교원,13,3427700
2025,교원(국립대학),국립대학교원,14,3547100
2025,교원(국립대학),국립대학교원,15,3687100
2025,교원(국립대학),국립대학교원,16,3827000
2025,교원(국립대학),국립대학교원,17,3966300
2025,교원(국립대학),국립대학교원,18,4105600
2025,교원(국립대학),국립대학교원,19,4245600
2025,교원(국립대학),국립대학교원,20,4384200
2025,교원(국립대학),국립대학교원,21,4523200
2025,교원(국립대학),국립대학교원,22,4662300
2025,교원(국립대학),국립대학교원,23,4843600
2025,교원(국립대학),국립대학교원,24,5024400
2025,교원(국립대학),국립대학교원,25,5205300
2025,교원(국립대학),국립대학교원,26,5385800
2025,교원(국립대학),국립대학교원,27,5566300
2025,교원(국립대학),국립대학교원,28,5746900
2025,교원(국립대학),국립대학교원,29,5884300
2025,교원(국립대학),국립대학교원,30,6021800
2025,교원(국립대학),국립대학교원,31,6159100
2025,교원(국립대학),국립대학교원,32,6296500
2025,교원(국립대학),국립대학교원,33,6434000
2025,군인,소장,1,5892800
2025,군인,준장,1,5559100
2025,군인,대령,1,4513200
2025,군인,중령,1,3967000
2025,군인,소령,1,3268300
2025,군인,대위,1,2710100
2025,군인,중위,1,2163900
2025,군인,소위,1,2017300
2025,군인,준위,1,2458300
2025,군인,원사,1,3447400
2025,군인,상사,1,2384500
2025,군인,중사,1,2046400
2025,군인,하사,1,2000900
2025,군인,소장,2,6038600
2025,군인,준장,2,5703500
2025,군인,대령,2,4665000
2025,군인,중령,2,4118700
2025,군인,소령,2,3416400
2025,군인,대위,2,2824000
2025,군인,중위,2,2255800
2025,군인,소위,2,2107100
2025,군인,준위,2,2575300
2025,군인,원사,2,3557500
2025,군인,상사,2,2490300
2025,군인,중사,2,2124700
2025,군인,하사,2,2021500
2025,군인,소장,3,6184400
2025,군인,준장,3,5847900
2025,군인,대령,3,4816800
2025,군인,중령,3,4270400
2025,군인,소령,3,3564500
2025,군인,대위,3,2937900
2025,군인,중위,3,2347700
2025,군인,소위,3,2196900
2025,군인,준위,3,2692300
2025,군인,원사,3,3667600
2025,군인,상사,3,2596100
2025,군인,중사,3,2203000
2025,군인,하사,3,2042100
2025,군인,소장,4,6330200
2025,군인,준장,4,5992300
2025,군인,대령,4,4968600
2025,군인,중령,4,4422100
2025,군인,소령,4,3712600
2025,군인,대위,4,3077600
2025,군인,중위,4,2439600
2025,군인,준위,4,2809300
2025,군인,원사,4,3777700
2025,군인,상사,4,2701900
2025,군인,중사,4,2281300
2025,군인,하사,4,2062700
2025,군인,소장,5,6476000
2025,군인,준장,5,6136700
2025,군인,대령,5,5120400
2025,군인,중령,5,4573800
2025,군인,소령,5,3860700
2025,군인,대위,5,3217300
2025,군인,중위,5,2531500
2025,군인,준위,5,2926300
2025,군인,원사,5,3887800
2025,군인,상사,5,2807700
2025,군인,중사,5,2359600
2025,군인,하사,5,2083300
2025,군인,소장,6,6621800
2025,군인,준장,6,6281100
2025,군인,대령,6,5272200
2025,군인,중령,6,4725500
2025,군인,소령,6,4008800
2025,군인,대위,6,3357000
2025,군인,중위,6,2648800
2025,군인,준위,6,3043300
2025,군인,원사,6,3997900
2025,군인,상사,6,2913500
2025,군인,중사,6,2437900
2025,군인,하사,6,2113200
2025,군인,소장,7,6767600
2025,군인,준장,7,6425500
2025,군인,대령,7,5424000
2025,군인,중령,7,4877200
2025,군인,소령,7,4156900
2025,군인,대위,7,3496700
2025,군인,중위,7,2766100
2025,군인,준위,7,3160300
2025,군인,원사,7,4108000
2025,군인,상사,7,3019300
2025,군인,중사,7,2516200
2025,군인,하사,7,2143100
2025,군인,소장,8,6913400
2025,군인,준장,8,6569900
2025,군인,대령,8,5575800
2025,군인,중령,8,5028900
2025,군인,소령,8,4305000
2025,군인,대위,8,3636400
2025,군인,준위,8,3277300
2025,군인,원사,8,4218100
2025,군인,상사,8,3125100
2025,군인,중사,8,2615100
2025,군인,하사,8,2173000
2025,군인,소장,9,7059200
2025,군인,준장,9,6714300
2025,군인,대령,9,5727600
2025,군인,중령,9,5180600
2025,군인,소령,9,4453100
2025,군인,대위,9,3776100
2025,군인,준위,9,3394300
2025,군인,원사,9,4328200
2025,군인,상사,9,3230900
2025,군인,중사,9,2714000
2025,군인,하사,9,2202900
2025,군인,소장,10,7205000
2025,군인,준장,10,6858700
2025,군인,대령,10,5879400
2025,군인,중령,10,5332300
2025,군인,소령,10,4601200
2025,군인,대위,10,3915800
2025,군인,준위,10,3511300
2025,군인,원사,10,4438300
2025,군인,상사,10,3336700
2025,군인,중사,10,2812900
2025,군인,하사,10,2232800
2025,군인,소장,11,7350800
2025,군인,준장,11,7003100
2025,군인,대령,11,6031200
2025,군인,중령,11,5484000
2025,군인,소령,11,4749300
2025,군인,대위,11,4055500
2025,군인,준위,11,3628300
2025,군인,원사,11,4548400
2025,군인,상사,11,3442500
2025,군인,중사,11,2911800
2025,군인,소장,12,7496600
2025,군인,준장,12,7147500
2025,군인,대령,12,6183000
2025,군인,중령,12,5635700
2025,군인,소령,12,4897400
2025,군인,대위,12,4195200
2025,군인,준위,12,3745300
2025,군인,원사,12,4658500
2025,군인,상사,12,3548300
2025,군인,중사,12,3010700
2025,군인,소장,13,7642400
2025,군인,준장,13,7291900
2025,군인,대령,13,6334800
2025,군인,중령,13,5787400
2025,군인,소령,13,5045500
2025,군인,준위,13,3862300
2025,군인,원사,13,4768600
2025,군인,상사,13,3654100
2025,군인,중사,13,3109600
2025,군인,대령,14,6486600
2025,군인,중령,14,5939100
2025,군인,소령,14,5193600
2025,군인,준위,14,3979300
2025,군인,원사,14,4878700
2025,군인,상사,14,3759900
2025,군인,중사,14,3208500
2025,군인,대령,15,6638400
2025,군인,중령,15,6090800
2025,군인,준위,15,4096300
2025,군인,원사,15,4988800
2025,군인,상사,15,3865700
2025,군인,중사,15,3307400
2025,군인,준위,16,4213300
2025,군인,상사,16,3971500
2025,군인,중사,16,3406300
2025,군인,준위,17,4330300
2025,군인,상사,17,4077300
2025,군인,중사,17,3505200
2025,군인,준위,18,4447300
2025,군인,상사,18,4183100
2025,군인,중사,18,3604100
2025,군인,준위,19,4564300
2025,군인,상사,19,4288900
2025,군인,중사,19,3703000
2025,군인,준위,20,4681300
2025,군인,중사,20,3801900
2025,군인,준위,21,4798300
2025,군인,중사,21,3900800
2025,군인,준위,22,4915300
2025,군인,중사,22,3999700
2025,군인,준위,23,5032300
2025,군인,준위,24,5149300
2025,군인,준위,25,5266300
2025,군인,준위,26,5383300
2025,군인,준위,27,5500300
2025,헌법연구관(보),헌법연구관(연구관보),1,3536500
2025,헌법연구관(보),헌법연구관(연구관보),2,3984900
2025,헌법연구관(보),헌법연구관(연구관보),3,4323800
2025,헌법연구관(보),헌법연구관(연구관보),4,4663300
2025,헌법연구관(보),헌법연구관(연구관보),5,5014900
2025,헌법연구관(보),헌법연구관(연구관보),6,5363800
2025,헌법연구관(보),헌법연구관(연구관보),7,5725800
2025,헌법연구관(보),헌법연구관(연구관보),8,6111200
2025,헌법연구관(보),헌법연구관(연구관보),9,6558200
2025,헌법연구관(보),헌법연구관(연구관보),10,6933400
2025,헌법연구관(보),헌법연구관(연구관보),11,7157900
2025,헌법연구관(보),헌법연구관(연구관보),12,7348800
2025,헌법연구관(보),헌법연구관(연구관보),13,7744700
2025,헌법연구관(보),헌법연구관(연구관보),14,8213600
2025,헌법연구관(보),헌법연구관(연구관보),15,8736600
2025,헌법연구관(보),헌법연구관(연구관보),16,9262100
