year,학교명,학제명,교육지원청,학교상태
2014,경수초등학교,초등학교,안산,기존(원)교
2014,보개초등학교가율분교장,초등학교,안성,기존(원)교
2014,신풍초등학교신풍분교장,초등학교,수원,기존(원)교
2014,금주초등학교,초등학교,포천,기존(원)교
2014,고골초등학교,초등학교,광주·하남,기존(원)교
2014,대원초등학교,초등학교,성남,기존(원)교
2014,내기초등학교신영분교장,초등학교,평택,기존(원)교
2014,보장초등학교,초등학교,포천,기존(원)교
2014,법원초등학교,초등학교,파주,기존(원)교
2014,부발초등학교백록분교장,초등학교,이천,기존(원)교
2014,북내초등학교운암분교장,초등학교,여주,기존(원)교
2014,매홀초등학교삼미분교장,초등학교,화성·오산,기존(원)교
2014,북내초등학교주암분교장,초등학교,여주,기존(원)교
2014,방초초등학교,초등학교,안성,기존(원)교
2014,영중초등학교,초등학교,포천,기존(원)교
2014,마석초등학교녹촌분교장,초등학교,구리·남양주,기존(원)교
2014,대남초등학교풍도분교장,초등학교,안산,기존(원)교
2014,서종초등학교정배분교장(폐교),초등학교,양평,폐(원)교
2014,연천초등학교고문분교장,초등학교,연천,기존(원)교
2014,영평초등학교,초등학교,포천,기존(원)교
2014,부천덕산초등학교대장분교장,초등학교,부천,기존(원)교
2014,원곡초등학교성은분교장,초등학교,안성,기존(원)교
2014,서삼초등학교,초등학교,안성,기존(원)교
2014,서신초등학교제부분교장,초등학교,화성·오산,기존(원)교
2014,중리초등학교,초등학교,포천,기존(원)교
2014,전곡초등학교적동분교장,초등학교,연천,기존(원)교
2014,화남초등학교(휴교),초등학교,화성·오산,휴(원)교
2014,장명초등학교장일분교장,초등학교,화성·오산,기존(원)교
2014,기흥중학교,중학교,용인,기존(원)교
2014,군서중학교,중학교,시흥,기존(원)교
2014,여주여자중학교,중학교,여주,기존(원)교
2014,부천북여자중학교,중학교,부천,기존(원)교
2014,의정부서중학교,중학교,의정부,기존(원)교
2014,부천북중학교,중학교,부천,기존(원)교
2014,영성여자중학교,중학교,성남,기존(원)교
2014,청솔중학교,중학교,성남,기존(원)교
2014,안양서여자중학교,중학교,안양·과천,기존(원)교
2014,창곡여자중학교,중학교,성남,기존(원)교
2014,창곡중학교,중학교,성남,기존(원)교
2014,송탄제일중학교,중학교,평택,기존(원)교
2014,보영여자중학교,중학교,동두천·양주,기존(원)교
2014,숭신여자중학교,중학교,성남,기존(원)교
2014,파주광일중학교,중학교,파주,기존(원)교
2014,구미중학교,중학교,성남,기존(원)교
2015,경수초등학교,초등학교,안산,기존(원)교
2015,보개초등학교가율분교장,초등학교,안성,기존(원)교
2015,신풍초등학교신풍분교장,초등학교,수원,기존(원)교
2015,금주초등학교,초등학교,포천,기존(원)교
2015,고골초등학교,초등학교,광주·하남,기존(원)교
2015,대원초등학교,초등학교,성남,기존(원)교
2015,내기초등학교신영분교장,초등학교,평택,기존(원)교
2015,보장초등학교,초등학교,포천,폐(원)교
2015,법원초등학교,초등학교,파주,기존(원)교
2015,부발초등학교백록분교장,초등학교,이천,기존(원)교
2015,북내초등학교운암분교장,초등학교,여주,기존(원)교
2015,매홀초등학교삼미분교장,초등학교,화성·오산,기존(원)교
2015,북내초등학교주암분교장,초등학교,여주,기존(원)교
2015,방초초등학교,초등학교,안성,기존(원)교
2015,영중초등학교,초등학교,포천,기존(원)교
2015,마석초등학교녹촌분교장,초등학교,구리·남양주,기존(원)교
2015,대남초등학교풍도분교장,초등학교,안산,기존(원)교
2015,연천초등학교고문분교장,초등학교,연천,기존(원)교
2015,영평초등학교,초등학교,포천,기존(원)교
2015,부천덕산초등학교대장분교장,초등학교,부천,기존(원)교
2015,원곡초등학교성은분교장,초등학교,안성,기존(원)교
2015,서삼초등학교,초등학교,안성,기존(원)교
2015,서신초등학교제부분교장,초등학교,화성·오산,기존(원)교
2015,중리초등학교,초등학교,포천,기존(원)교
2015,전곡초등학교적동분교장,초등학교,연천,기존(원)교
2015,장명초등학교장일분교장,초등학교,화성·오산,기존(원)교
2015,기흥중학교,중학교,용인,기존(원)교
2015,군서중학교,중학교,시흥,기존(원)교
2015,여주여자중학교,중학교,여주,기존(원)교
2015,부천북여자중학교,중학교,부천,기존(원)교
2015,의정부서중학교,중학교,의정부,기존(원)교
2015,부천북중학교,중학교,부천,기존(원)교
2015,영성여자중학교,중학교,성남,기존(원)교
2015,청솔중학교,중학교,성남,기존(원)교
2015,안양서여자중학교,중학교,안양·과천,기존(원)교
2015,창곡여자중학교,중학교,성남,기존(원)교
2015,창곡중학교,중학교,성남,기존(원)교
2015,송탄제일중학교,중학교,평택,기존(원)교
2015,보영여자중학교,중학교,동두천·양주,기존(원)교
2015,숭신여자중학교,중학교,성남,기존(원)교
2015,파주광일중학교,중학교,파주,기존(원)교
2015,구미중학교,중학교,성남,기존(원)교
2016,경수초등학교,초등학교,안산,기존(원)교
2016,보개초등학교가율분교장,초등학교,안성,기존(원)교
2016,신풍초등학교신풍분교장,초등학교,수원,휴(원)교
2016,금주초등학교,초등학교,포천,기존(원)교
2016,고골초등학교,초등학교,광주·하남,기존(원)교
2016,대원초등학교,초등학교,성남,기존(원)교
2016,내기초등학교신영분교장,초등학교,평택,기존(원)교
2016,법원초등학교,초등학교,파주,기존(원)교
2016,부발초등학교백록분교장,초등학교,이천,기존(원)교
2016,북내초등학교운암분교장,초등학교,여주,기존(원)교
2016,매홀초등학교삼미분교장,초등학교,화성·오산,기존(원)교
2016,북내초등학교주암분교장,초등학교,여주,기존(원)교
2016,방초초등학교,초등학교,안성,기존(원)교
2016,영중초등학교,초등학교,포천,기존(원)교
2016,마석초등학교녹촌분교장,초등학교,구리·남양주,기존(원)교
2016,대남초등학교풍도분교장,초등학교,안산,기존(원)교
2016,연천초등학교고문분교장,초등학교,연천,휴(원)교
2016,영평초등학교,초등학교,포천,기존(원)교
2016,부천덕산초등학교대장분교장,초등학교,부천,기존(원)교
2016,원곡초등학교성은분교장,초등학교,안성,기존(원)교
2016,서삼초등학교,초등학교,안성,기존(원)교
2016,서신초등학교제부분교장,초등학교,화성·오산,기존(원)교
2016,중리초등학교,초등학교,포천,기존(원)교
2016,전곡초등학교적동분교장,초등학교,연천,기존(원)교
2016,장명초등학교장일분교장,초등학교,화성·오산,기존(원)교
2016,기흥중학교,중학교,용인,기존(원)교
2016,군서중학교,중학교,시흥,기존(원)교
2016,여주여자중학교,중학교,여주,기존(원)교
2016,부천북여자중학교,중학교,부천,기존(원)교
2016,의정부서중학교,중학교,의정부,기존(원)교
2016,부천북중학교,중학교,부천,기존(원)교
2016,영성여자중학교,중학교,성남,기존(원)교
2016,청솔중학교,중학교,성남,기존(원)교
2016,안양서여자중학교,중학교,안양·과천,기존(원)교
2016,창곡여자중학교,중학교,성남,기존(원)교
2016,창곡중학교,중학교,성남,기존(원)교
2016,송탄제일중학교,중학교,평택,기존(원)교
2016,보영여자중학교,중학교,동두천·양주,기존(원)교
2016,숭신여자중학교,중학교,성남,기존(원)교
2016,파주광일중학교,중학교,파주,기존(원)교
2016,구미중학교,중학교,성남,기존(원)교
2017,감정1초등학교,초등학교,김포,신설(원)교
2017,경수초등학교,초등학교,안산,기존(원)교
2017,보개초등학교가율분교장,초등학교,안성,기존(원)교
2017,신풍초등학교신풍분교장,초등학교,수원,폐(원)교
2017,금주초등학교,초등학교,포천,기존(원)교
2017,고골초등학교,초등학교,광주·하남,기존(원)교
2017,대원초등학교,초등학교,성남,기존(원)교
2017,내기초등학교신영분교장,초등학교,평택,기존(원)교
2017,법원초등학교,초등학교,파주,기존(원)교
2017,부발초등학교백록분교장,초등학교,이천,폐(원)교
2017,북내초등학교운암분교장,초등학교,여주,기존(원)교
2017,매홀초등학교삼미분교장,초등학교,화성·오산,기존(원)교
2017,북내초등학교주암분교장,초등학교,여주,폐(원)교
2017,방초초등학교,초등학교,안성,기존(원)교
2017,영중초등학교,초등학교,포천,기존(원)교
2017,마석초등학교녹촌분교장,초등학교,구리·남양주,기존(원)교
2017,대남초등학교풍도분교장,초등학교,안산,기존(원)교
2017,연천초등학교고문분교장,초등학교,연천,폐(원)교
2017,영평초등학교,초등학교,포천,기존(원)교
2017,부천덕산초등학교대장분교장,초등학교,부천,기존(원)교
2017,원곡초등학교성은분교장,초등학교,안성,휴(원)교
2017,서삼초등학교,초등학교,안성,기존(원)교
2017,서신초등학교제부분교장,초등학교,화성·오산,기존(원)교
2017,중리초등학교,초등학교,포천,기존(원)교
2017,전곡초등학교적동분교장,초등학교,연천,기존(원)교
2017,장명초등학교장일분교장,초등학교,화성·오산,기존(원)교
2017,기흥중학교,중학교,용인,기존(원)교
2017,군서중학교,중학교,시흥,기존(원)교
2017,감배중학교,중학교,화성·오산,신설(원)교
2017,여주여자중학교,중학교,여주,기존(원)교
2017,부천북여자중학교,중학교,부천,기존(원)교
2017,의정부서중학교,중학교,의정부,기존(원)교
2017,부천북중학교,중학교,부천,기존(원)교
2017,영성여자중학교,중학교,성남,폐(원)교
2017,청솔중학교,중학교,성남,기존(원)교
2017,안양서여자중학교,중학교,안양·과천,폐(원)교
2017,창곡여자중학교,중학교,성남,폐(원)교
2017,창곡중학교,중학교,성남,폐(원)교
2017,송탄제일중학교,중학교,평택,기존(원)교
2017,보영여자중학교,중학교,동두천·양주,기존(원)교
2017,숭신여자중학교,중학교,성남,기존(원)교
2017,파주광일중학교,중학교,파주,기존(원)교
2017,구미중학교,중학교,성남,기존(원)교
2018,경수초등학교,초등학교,안산,기존(원)교
2018,보개초등학교가율분교장,초등학교,안성,기존(원)교
2018,금주초등학교,초등학교,포천,기존(원)교
2018,고골초등학교,초등학교,광주·하남,기존(원)교
2018,대원초등학교,초등학교,성남,기존(원)교
2018,내기초등학교신영분교장,초등학교,평택,기존(원)교
2018,법원초등학교,초등학교,파주,기존(원)교
2018,북내초등학교운암분교장,초등학교,여주,기존(원)교
2018,매홀초등학교삼미분교장,초등학교,화성·오산,휴(원)교
2018,방초초등학교,초등학교,안성,기존(원)교
2018,영중초등학교,초등학교,포천,기존(원)교
2018,마석초등학교녹촌분교장,초등학교,구리·남양주,기존(원)교
2018,대남초등학교풍도분교장,초등학교,안산,기존(원)교
2018,영평초등학교,초등학교,포천,기존(원)교
2018,부천덕산초등학교대장분교장,초등학교,부천,기존(원)교
2018,원곡초등학교성은분교장,초등학교,안성,폐(원)교
2018,서삼초등학교,초등학교,안성,기존(원)교
2018,서신초등학교제부분교장,초등학교,화성·오산,휴(원)교
2018,중리초등학교,초등학교,포천,기존(원)교
2018,전곡초등학교적동분교장,초등학교,연천,폐(원)교
2018,장명초등학교장일분교장,초등학교,화성·오산,기존(원)교
2018,기흥중학교,중학교,용인,기존(원)교
2018,군서중학교,중학교,시흥,기존(원)교
2018,여주여자중학교,중학교,여주,기존(원)교
2018,부천북여자중학교,중학교,부천,폐(원)교
2018,부천북중학교,중학교,부천,폐(원)교
2018,청솔중학교,중학교,성남,기존(원)교
2018,보영여자중학교,중학교,동두천·양주,기존(원)교
2018,숭신여자중학교,중학교,성남,기존(원)교
2018,파주광일중학교,중학교,파주,기존(원)교
2018,구미중학교,중학교,성남,기존(원)교
2019,경수초등학교,초등학교,안산,기존(원)교
2019,보개초등학교가율분교장,초등학교,안성,휴(원)교
2019,금주초등학교,초등학교,포천,기존(원)교
2019,고골초등학교,초등학교,광주·하남,기존(원)교
2019,대원초등학교,초등학교,성남,기존(원)교
2019,내기초등학교신영분교장,초등학교,평택,기존(원)교
2019,법원초등학교,초등학교,파주,폐(원)교
2019,북내초등학교운암분교장,초등학교,여주,기존(원)교
2019,매홀초등학교삼미분교장,초등학교,화성·오산,휴(원)교
2019,방초초등학교,초등학교,안성,기존(원)교
2019,영중초등학교,초등학교,포천,기존(원)교
2019,남곡초등학교남곡분교장,초등학교,용인,신설(원)교
2019,마석초등학교녹촌분교장,초등학교,구리·남양주,폐(원)교
2019,대남초등학교풍도분교장,초등학교,안산,기존(원)교
2019,영평초등학교,초등학교,포천,기존(원)교
2019,부천덕산초등학교대장분교장,초등학교,부천,기존(원)교
2019,서삼초등학교,초등학교,안성,기존(원)교
2019,운천초등학교세마분교장,초등학교,화성·오산,신설(원)교
2019,창현초등학교은솔분교장,초등학교,구리·남양주,신설(원)교
2019,서신초등학교제부분교장,초등학교,화성·오산,폐(원)교
2019,중리초등학교,초등학교,포천,기존(원)교
2019,장명초등학교장일분교장,초등학교,화성·오산,기존(원)교
2019,기흥중학교,중학교,용인,폐(원)교
2019,군서중학교,중학교,시흥,기존(원)교
2019,여주여자중학교,중학교,여주,기존(원)교
2019,청솔중학교,중학교,성남,기존(원)교
2019,보영여자중학교,중학교,동두천·양주,기존(원)교
2019,숭신여자중학교,중학교,성남,기존(원)교
2019,파주광일중학교,중학교,파주,기존(원)교
2019,구미중학교,중학교,성남,기존(원)교
2020,경수초등학교,초등학교,안산,기존(원)교
2020,보개초등학교가율분교장,초등학교,안성,휴(원)교
2020,금주초등학교,초등학교,포천,기존(원)교
2020,고골초등학교,초등학교,광주·하남,기존(원)교
2020,대원초등학교,초등학교,성남,기존(원)교
2020,내기초등학교신영분교장,초등학교,평택,기존(원)교
2020,북내초등학교운암분교장,초등학교,여주,기존(원)교
2020,방초초등학교,초등학교,안성,기존(원)교
2020,영중초등학교,초등학교,포천,기존(원)교
2020,남곡초등학교남곡분교장,초등학교,용인,기존(원)교
2020,대남초등학교풍도분교장,초등학교,안산,기존(원)교
2020,영평초등학교,초등학교,포천,기존(원)교
2020,부천덕산초등학교대장분교장,초등학교,부천,기존(원)교
2020,서삼초등학교,초등학교,안성,기존(원)교
2020,중리초등학교,초등학교,포천,기존(원)교
2020,장명초등학교장일분교장,초등학교,화성·오산,기존(원)교
2020,군서중학교,중학교,시흥,기존(원)교
2020,여주여자중학교,중학교,여주,기존(원)교
2020,청솔중학교,중학교,성남,기존(원)교
2020,보영여자중학교,중학교,동두천·양주,기존(원)교
2020,숭신여자중학교,중학교,성남,기존(원)교
2020,파주광일중학교,중학교,파주,기존(원)교
2020,구미중학교,중학교,성남,기존(원)교
2021,경수초등학교,초등학교,안산,기존(원)교
2021,보개초등학교가율분교장,초등학교,안성,폐(원)교
2021,금주초등학교,초등학교,포천,기존(원)교
2021,고골초등학교,초등학교,광주·하남,기존(원)교
2021,대원초등학교,초등학교,성남,기존(원)교
2021,내기초등학교신영분교장,초등학교,평택,기존(원)교
2021,북내초등학교운암분교장,초등학교,여주,기존(원)교
2021,방초초등학교,초등학교,안성,기존(원)교
2021,영중초등학교,초등학교,포천,기존(원)교
2021,남곡초등학교남곡분교장,초등학교,용인,기존(원)교
2021,대남초등학교풍도분교장,초등학교,안산,휴(원)교
2021,영평초등학교,초등학교,포천,기존(원)교
2021,부천덕산초등학교대장분교장,초등학교,부천,폐(원)교
2021,서삼초등학교,초등학교,안성,폐(원)교
2021,중리초등학교,초등학교,포천,기존(원)교
2021,장명초등학교장일분교장,초등학교,화성·오산,기존(원)교
2021,군서중학교,중학교,시흥,폐(원)교
2021,여주여자중학교,중학교,여주,기존(원)교
2021,청솔중학교,중학교,성남,기존(원)교
2021,보영여자중학교,중학교,동두천·양주,기존(원)교
2021,숭신여자중학교,중학교,성남,기존(원)교
2021,파주광일중학교,중학교,파주,기존(원)교
2021,구미중학교,중학교,성남,기존(원)교
2022,경수초등학교,초등학교,안산,기존(원)교
2022,금주초등학교,초등학교,포천,폐(원)교
2022,고골초등학교,초등학교,광주·하남,기존(원)교
2022,대원초등학교,초등학교,성남,기존(원)교
2022,내기초등학교신영분교장,초등학교,평택,기존(원)교
2022,북내초등학교운암분교장,초등학교,여주,기존(원)교
2022,방초초등학교,초등학교,안성,기존(원)교
2022,영중초등학교,초등학교,포천,폐(원)교
2022,남곡초등학교남곡분교장,초등학교,용인,기존(원)교
2022,대남초등학교풍도분교장,초등학교,안산,휴(원)교
2022,영평초등학교,초등학교,포천,폐(원)교
2022,중리초등학교,초등학교,포천,기존(원)교
2022,장명초등학교장일분교장,초등학교,화성·오산,기존(원)교
2022,여주여자중학교,중학교,여주,기존(원)교
2022,청솔중학교,중학교,성남,기존(원)교
2022,보영여자중학교,중학교,동두천·양주,기존(원)교
2022,숭신여자중학교,중학교,성남,기존(원)교
2022,파주광일중학교,중학교,파주,기존(원)교
2022,구미중학교,중학교,성남,기존(원)교
2023,경수초등학교,초등학교,안산,기존(원)교
2023,고골초등학교,초등학교,광주·하남,기존(원)교
2023,대원초등학교,초등학교,성남,휴(원)교
2023,내기초등학교신영분교장,초등학교,평택,기존(원)교
2023,북내초등학교운암분교장,초등학교,여주,기존(원)교
2023,방초초등학교,초등학교,안성,폐(원)교
2023,남곡초등학교남곡분교장,초등학교,용인,기존(원)교
2023,대남초등학교풍도분교장,초등학교,안산,휴(원)교
2023,중리초등학교,초등학교,포천,기존(원)교
2023,장명초등학교장일분교장,초등학교,화성·오산,휴(원)교
2023,여주여자중학교,중학교,여주,기존(원)교
2023,청솔중학교,중학교,성남,기존(원)교
2023,숭신여자중학교,중학교,성남,기존(원)교
2023,파주광일중학교,중학교,파주,기존(원)교
2023,구미중학교,중학교,성남,기존(원)교
2024,경수초등학교,초등학교,안산,기존(원)교
2024,고골초등학교,초등학교,광주·하남,휴(원)교
2024,대원초등학교,초등학교,성남,휴(원)교
2024,내기초등학교신영분교장,초등학교,평택,폐(원)교
2024,북내초등학교운암분교장,초등학교,여주,기존(원)교
2024,남곡초등학교남곡분교장,초등학교,용인,폐(원)교
2024,대남초등학교풍도분교장,초등학교,안산,휴(원)교
2024,중리초등학교,초등학교,포천,기존(원)교
2024,장명초등학교장일분교장,초등학교,화성·오산,휴(원)교
2024,여주여자중학교,중학교,여주,기존(원)교
2024,청솔중학교,중학교,성남,기존(원)교
2024,숭신여자중학교,중학교,성남,기존(원)교
2024,파주광일중학교,중학교,파주,기존(원)교
2024,구미중학교,중학교,성남,기존(원)교
