grid_id,school_code,minutes,source
다아62b12a,S090003414,25.25,kakao_mobility
다아62b12a,S090003417,18.25,kakao_mobility
다아62b12a,S090003419,16.466666666666665,kakao_mobility
다아62b12a,S090003423,19.3,kakao_mobility
다아62b12a,S090003424,35.31666666666667,kakao_mobility
다아62b12a,S090003426,7.116666666666666,kakao_mobility
다아62b12a,S090003428,31.05,kakao_mobility
다아62b12a,S090003429,22.733333333333334,kakao_mobility
다아62b12a,S090003431,4.2,kakao_mobility
다아62b12a,S090003437,14.516666666666667,kakao_mobility
다아62b12a,S090003438,17.25,kakao_mobility
다아62b12a,S090003441,21.05,kakao_mobility
다아62b12a,S090003442,15.916666666666666,kakao_mobility
다아67b02b,S090003414,21.466666666666665,kakao_mobility
다아67b02b,S090003417,5.216666666666667,kakao_mobility
다아67b02b,S090003419,23.733333333333334,kakao_mobility
다아67b02b,S090003423,1.2666666666666666,kakao_mobility
다아67b02b,S090003424,30.65,kakao_mobility
다아67b02b,S090003426,20.616666666666667,kakao_mobility
다아67b02b,S090003428,26.333333333333332,kakao_mobility
다아67b02b,S090003429,18.05,kakao_mobility
다아67b02b,S090003431,14.35,kakao_mobility
다아67b02b,S090003437,11.483333333333333,kakao_mobility
다아67b02b,S090003438,7.75,kakao_mobility
다아67b02b,S090003441,11.033333333333333,kakao_mobility
다아67b02b,S090003442,11.183333333333334,kakao_mobility
다아62b11a,S090003414,23.183333333333334,kakao_mobility
다아62b11a,S090003417,14.916666666666666,kakao_mobility
다아62b11a,S090003419,16.016666666666666,kakao_mobility
다아62b11a,S090003423,15.95,kakao_mobility
다아62b11a,S090003424,32.1,kakao_mobility
다아62b11a,S090003426,6.666666666666667,kakao_mobility
다아62b11a,S090003428,27.9,kakao_mobility
다아62b11a,S090003429,19.716666666666665,kakao_mobility
다아62b11a,S090003431,0.9166666666666666,kakao_mobility
다아62b11a,S090003437,11.2,kakao_mobility
다아62b11a,S090003438,13.15,kakao_mobility
다아62b11a,S090003441,17.783333333333335,kakao_mobility
다아62b11a,S090003442,12.833333333333334,kakao_mobility
다아49a03b,S090003414,25.166666666666668,kakao_mobility
다아49a03b,S090003417,31.1,kakao_mobility
다아49a03b,S090003419,46.45,kakao_mobility
다아49a03b,S090003423,32.13333333333333,kakao_mobility
다아49a03b,S090003424,0.3333333333333333,kakao_mobility
다아49a03b,S090003426,34.85,kakao_mobility
다아49a03b,S090003428,9.55,kakao_mobility
다아49a03b,S090003429,19.416666666666668,kakao_mobility
다아49a03b,S090003431,33.0,kakao_mobility
다아49a03b,S090003437,29.816666666666666,kakao_mobility
다아49a03b,S090003438,27.566666666666666,kakao_mobility
다아49a03b,S090003441,35.1,kakao_mobility
다아49a03b,S090003442,23.116666666666667,kakao_mobility
다사62a98a,S090003414,24.5,kakao_mobility
다사62a98a,S090003417,12.866666666666667,kakao_mobility
다사62a98a,S090003419,28.35,kakao_mobility
다사62a98a,S090003423,15.0,kakao_mobility
다사62a98a,S090003424,33.68333333333333,kakao_mobility
다사62a98a,S090003426,25.233333333333334,kakao_mobility
다사62a98a,S090003428,29.283333333333335,kakao_mobility
다사62a98a,S090003429,20.916666666666668,kakao_mobility
다사62a98a,S090003431,19.166666666666668,kakao_mobility
다사62a98a,S090003437,14.066666666666666,kakao_mobility
다사62a98a,S090003438,11.766666666666667,kakao_mobility
다사62a98a,S090003441,4.616666666666666,kakao_mobility
다사62a98a,S090003442,14.083333333333334,kakao_mobility
다아62a01b,S090003414,18.816666666666666,kakao_mobility
다아62a01b,S090003417,11.633333333333333,kakao_mobility
다아62a01b,S090003419,23.016666666666666,kakao_mobility
다아62a01b,S090003423,13.766666666666667,kakao_mobility
다아62a01b,S090003424,28.3,kakao_mobility
다아62a01b,S090003426,19.933333333333334,kakao_mobility
다아62a01b,S090003428,23.816666666666666,kakao_mobility
다아62a01b,S090003429,15.333333333333334,kakao_mobility
다아62a01b,S090003431,13.666666666666666,kakao_mobility
다아62a01b,S090003437,8.583333333333334,kakao_mobility
다아62a01b,S090003438,6.283333333333333,kakao_mobility
다아62a01b,S090003441,5.033333333333333,kakao_mobility
다아62a01b,S090003442,8.616666666666667,kakao_mobility
다아62b03a,S090003414,18.116666666666667,kakao_mobility
다아62b03a,S090003417,6.433333333333334,kakao_mobility
다아62b03a,S090003419,23.6,kakao_mobility
다아62b03a,S090003423,7.8,kakao_mobility
다아62b03a,S090003424,27.6,kakao_mobility
다아62b03a,S090003426,20.55,kakao_mobility
다아62b03a,S090003428,23.116666666666667,kakao_mobility
다아62b03a,S090003429,14.65,kakao_mobility
다아62b03a,S090003431,14.35,kakao_mobility
다아62b03a,S090003437,9.266666666666667,kakao_mobility
다아62b03a,S090003438,3.3333333333333335,kakao_mobility
다아62b03a,S090003441,12.366666666666667,kakao_mobility
다아62b03a,S090003442,7.933333333333334,kakao_mobility
다아62b11b,S090003414,24.35,kakao_mobility
다아62b11b,S090003417,16.483333333333334,kakao_mobility
다아62b11b,S090003419,15.716666666666667,kakao_mobility
다아62b11b,S090003423,17.716666666666665,kakao_mobility
다아62b11b,S090003424,33.78333333333333,kakao_mobility
다아62b11b,S090003426,6.183333333333334,kakao_mobility
다아62b11b,S090003428,29.4,kakao_mobility
다아62b11b,S090003429,21.083333333333332,kakao_mobility
다아62b11b,S090003431,2.433333333333333,kakao_mobility
다아62b11b,S090003437,12.7,kakao_mobility
다아62b11b,S090003438,14.65,kakao_mobility
다아62b11b,S090003441,19.016666666666666,kakao_mobility
다아62b11b,S090003442,14.233333333333333,kakao_mobility
다아62b03b,S090003414,17.283333333333335,kakao_mobility
다아62b03b,S090003417,8.033333333333333,kakao_mobility
다아62b03b,S090003419,22.783333333333335,kakao_mobility
다아62b03b,S090003423,9.366666666666667,kakao_mobility
다아62b03b,S090003424,26.783333333333335,kakao_mobility
다아62b03b,S090003426,19.733333333333334,kakao_mobility
다아62b03b,S090003428,22.316666666666666,kakao_mobility
다아62b03b,S090003429,13.8,kakao_mobility
다아62b03b,S090003431,13.516666666666667,kakao_mobility
다아62b03b,S090003437,8.45,kakao_mobility
다아62b03b,S090003438,2.5166666666666666,kakao_mobility
다아62b03b,S090003441,11.55,kakao_mobility
다아62b03b,S090003442,7.1,kakao_mobility
다아61b03a,S090003414,14.666666666666666,kakao_mobility
다아61b03a,S090003417,9.533333333333333,kakao_mobility
다아61b03a,S090003419,21.783333333333335,kakao_mobility
다아61b03a,S090003423,10.833333333333334,kakao_mobility
다아61b03a,S090003424,24.2,kakao_mobility
다아61b03a,S090003426,18.7,kakao_mobility
다아61b03a,S090003428,19.833333333333332,kakao_mobility
다아61b03a,S090003429,11.2,kakao_mobility
다아61b03a,S090003431,12.433333333333334,kakao_mobility
다아61b03a,S090003437,7.35,kakao_mobility
다아61b03a,S090003438,2.55,kakao_mobility
다아61b03a,S090003441,8.866666666666667,kakao_mobility
다아61b03a,S090003442,4.583333333333333,kakao_mobility
다아61b02b,S090003414,14.816666666666666,kakao_mobility
다아61b02b,S090003417,11.5,kakao_mobility
다아61b02b,S090003419,22.05,kakao_mobility
다아61b02b,S090003423,12.766666666666667,kakao_mobility
다아61b02b,S090003424,24.366666666666667,kakao_mobility
다아61b02b,S090003426,19.0,kakao_mobility
다아61b02b,S090003428,19.983333333333334,kakao_mobility
다아61b02b,S090003429,11.35,kakao_mobility
다아61b02b,S090003431,12.733333333333333,kakao_mobility
다아61b02b,S090003437,7.666666666666667,kakao_mobility
다아61b02b,S090003438,3.3833333333333333,kakao_mobility
다아61b02b,S090003441,9.916666666666666,kakao_mobility
다아61b02b,S090003442,4.716666666666667,kakao_mobility
다아65b20b,S090003414,32.11666666666667,kakao_mobility
다아65b20b,S090003417,24.633333333333333,kakao_mobility
다아65b20b,S090003419,1.2333333333333334,kakao_mobility
다아65b20b,S090003423,25.816666666666666,kakao_mobility
다아65b20b,S090003424,41.266666666666666,kakao_mobility
다아65b20b,S090003426,11.833333333333334,kakao_mobility
다아65b20b,S090003428,37.13333333333333,kakao_mobility
다아65b20b,S090003429,30.333333333333332,kakao_mobility
다아65b20b,S090003431,17.133333333333333,kakao_mobility
다아65b20b,S090003437,20.816666666666666,kakao_mobility
다아65b20b,S090003438,22.783333333333335,kakao_mobility
다아65b20b,S090003441,26.983333333333334,kakao_mobility
다아65b20b,S090003442,22.083333333333332,kakao_mobility
다아62b01b,S090003414,20.383333333333333,kakao_mobility
다아62b01b,S090003417,11.283333333333333,kakao_mobility
다아62b01b,S090003419,24.366666666666667,kakao_mobility
다아62b01b,S090003423,12.55,kakao_mobility
다아62b01b,S090003424,29.733333333333334,kakao_mobility
다아62b01b,S090003426,21.266666666666666,kakao_mobility
다아62b01b,S090003428,25.283333333333335,kakao_mobility
다아62b01b,S090003429,16.85,kakao_mobility
다아62b01b,S090003431,15.133333333333333,kakao_mobility
다아62b01b,S090003437,10.05,kakao_mobility
다아62b01b,S090003438,4.35,kakao_mobility
다아62b01b,S090003441,7.833333333333333,kakao_mobility
다아62b01b,S090003442,10.066666666666666,kakao_mobility
다아62a02b,S090003414,17.066666666666666,kakao_mobility
다아62a02b,S090003417,9.633333333333333,kakao_mobility
다아62a02b,S090003419,20.883333333333333,kakao_mobility
다아62a02b,S090003423,10.916666666666666,kakao_mobility
다아62a02b,S090003424,26.533333333333335,kakao_mobility
다아62a02b,S090003426,17.8,kakao_mobility
다아62a02b,S090003428,22.05,kakao_mobility
다아62a02b,S090003429,13.583333333333334,kakao_mobility
다아62a02b,S090003431,11.533333333333333,kakao_mobility
다아62a02b,S090003437,6.45,kakao_mobility
다아62a02b,S090003438,3.4833333333333334,kakao_mobility
다아62a02b,S090003441,7.216666666666667,kakao_mobility
다아62a02b,S090003442,6.833333333333333,kakao_mobility
다아61b03b,S090003414,15.233333333333333,kakao_mobility
다아61b03b,S090003417,9.383333333333333,kakao_mobility
다아61b03b,S090003419,21.35,kakao_mobility
다아61b03b,S090003423,10.666666666666666,kakao_mobility
다아61b03b,S090003424,24.783333333333335,kakao_mobility
다아61b03b,S090003426,18.3,kakao_mobility
다아61b03b,S090003428,20.333333333333332,kakao_mobility
다아61b03b,S090003429,11.766666666666667,kakao_mobility
다아61b03b,S090003431,12.05,kakao_mobility
다아61b03b,S090003437,6.983333333333333,kakao_mobility
다아61b03b,S090003438,3.9,kakao_mobility
다아61b03b,S090003441,8.416666666666666,kakao_mobility
다아61b03b,S090003442,5.1,kakao_mobility
다아62a03b,S090003414,18.333333333333332,kakao_mobility
다아62a03b,S090003417,9.633333333333333,kakao_mobility
다아62a03b,S090003419,20.65,kakao_mobility
다아62a03b,S090003423,10.916666666666666,kakao_mobility
다아62a03b,S090003424,27.766666666666666,kakao_mobility
다아62a03b,S090003426,17.566666666666666,kakao_mobility
다아62a03b,S090003428,23.25,kakao_mobility
다아62a03b,S090003429,14.833333333333334,kakao_mobility
다아62a03b,S090003431,11.3,kakao_mobility
다아62a03b,S090003437,6.233333333333333,kakao_mobility
다아62a03b,S090003438,4.166666666666667,kakao_mobility
다아62a03b,S090003441,10.733333333333333,kakao_mobility
다아62a03b,S090003442,8.066666666666666,kakao_mobility
다아62b04a,S090003414,18.683333333333334,kakao_mobility
다아62b04a,S090003417,9.95,kakao_mobility
다아62b04a,S090003419,21.116666666666667,kakao_mobility
다아62b04a,S090003423,11.216666666666667,kakao_mobility
다아62b04a,S090003424,28.083333333333332,kakao_mobility
다아62b04a,S090003426,18.066666666666666,kakao_mobility
다아62b04a,S090003428,23.6,kakao_mobility
다아62b04a,S090003429,15.183333333333334,kakao_mobility
다아62b04a,S090003431,11.866666666666667,kakao_mobility
다아62b04a,S090003437,6.783333333333333,kakao_mobility
다아62b04a,S090003438,4.483333333333333,kakao_mobility
다아62b04a,S090003441,11.25,kakao_mobility
다아62b04a,S090003442,8.4,kakao_mobility
다아62a03a,S090003414,16.45,kakao_mobility
다아62a03a,S090003417,8.5,kakao_mobility
다아62a03a,S090003419,21.3,kakao_mobility
다아62a03a,S090003423,9.783333333333333,kakao_mobility
다아62a03a,S090003424,25.9,kakao_mobility
다아62a03a,S090003426,18.216666666666665,kakao_mobility
다아62a03a,S090003428,21.4,kakao_mobility
다아62a03a,S090003429,12.966666666666667,kakao_mobility
다아62a03a,S090003431,12.05,kakao_mobility
다아62a03a,S090003437,6.95,kakao_mobility
다아62a03a,S090003438,1.35,kakao_mobility
다아62a03a,S090003441,8.95,kakao_mobility
다아62a03a,S090003442,6.183333333333334,kakao_mobility
다아65a20b,S090003414,33.766666666666666,kakao_mobility
다아65a20b,S090003417,26.916666666666668,kakao_mobility
다아65a20b,S090003419,3.2666666666666666,kakao_mobility
다아65a20b,S090003423,28.083333333333332,kakao_mobility
다아65a20b,S090003424,43.38333333333333,kakao_mobility
다아65a20b,S090003426,13.55,kakao_mobility
다아65a20b,S090003428,39.333333333333336,kakao_mobility
다아65a20b,S090003429,31.966666666666665,kakao_mobility
다아65a20b,S090003431,17.983333333333334,kakao_mobility
다아65a20b,S090003437,23.116666666666667,kakao_mobility
다아65a20b,S090003438,25.05,kakao_mobility
다아65a20b,S090003441,29.233333333333334,kakao_mobility
다아65a20b,S090003442,24.266666666666666,kakao_mobility
다아63a15a,S090003414,20.433333333333334,kakao_mobility
다아63a15a,S090003417,21.2,kakao_mobility
다아63a15a,S090003419,10.816666666666666,kakao_mobility
다아63a15a,S090003423,22.4,kakao_mobility
다아63a15a,S090003424,35.75,kakao_mobility
다아63a15a,S090003426,1.1,kakao_mobility
다아63a15a,S090003428,33.766666666666666,kakao_mobility
다아63a15a,S090003429,18.583333333333332,kakao_mobility
다아63a15a,S090003431,7.583333333333333,kakao_mobility
다아63a15a,S090003437,17.366666666666667,kakao_mobility
다아63a15a,S090003438,19.333333333333332,kakao_mobility
다아63a15a,S090003441,23.516666666666666,kakao_mobility
다아63a15a,S090003442,18.683333333333334,kakao_mobility
다아63a11a,S090003414,23.583333333333332,kakao_mobility
다아63a11a,S090003417,15.366666666666667,kakao_mobility
다아63a11a,S090003419,14.333333333333334,kakao_mobility
다아63a11a,S090003423,16.6,kakao_mobility
다아63a11a,S090003424,32.5,kakao_mobility
다아63a11a,S090003426,7.7,kakao_mobility
다아63a11a,S090003428,28.166666666666668,kakao_mobility
다아63a11a,S090003429,19.916666666666668,kakao_mobility
다아63a11a,S090003431,1.6333333333333333,kakao_mobility
다아63a11a,S090003437,11.583333333333334,kakao_mobility
다아63a11a,S090003438,13.533333333333333,kakao_mobility
다아63a11a,S090003441,17.833333333333332,kakao_mobility
다아63a11a,S090003442,13.066666666666666,kakao_mobility
다아62b02a,S090003414,19.633333333333333,kakao_mobility
다아62b02a,S090003417,10.433333333333334,kakao_mobility
다아62b02a,S090003419,23.483333333333334,kakao_mobility
다아62b02a,S090003423,11.683333333333334,kakao_mobility
다아62b02a,S090003424,28.816666666666666,kakao_mobility
다아62b02a,S090003426,20.366666666666667,kakao_mobility
다아62b02a,S090003428,24.416666666666668,kakao_mobility
다아62b02a,S090003429,16.05,kakao_mobility
다아62b02a,S090003431,14.3,kakao_mobility
다아62b02a,S090003437,9.2,kakao_mobility
다아62b02a,S090003438,3.5,kakao_mobility
다아62b02a,S090003441,7.566666666666666,kakao_mobility
다아62b02a,S090003442,9.183333333333334,kakao_mobility
다아56b10a,S090003414,12.016666666666667,kakao_mobility
다아56b10a,S090003417,25.5,kakao_mobility
다아56b10a,S090003419,26.733333333333334,kakao_mobility
다아56b10a,S090003423,26.75,kakao_mobility
다아56b10a,S090003424,26.583333333333332,kakao_mobility
다아56b10a,S090003426,15.316666666666666,kakao_mobility
다아56b10a,S090003428,32.35,kakao_mobility
다아56b10a,S090003429,10.116666666666667,kakao_mobility
다아56b10a,S090003431,15.783333333333333,kakao_mobility
다아56b10a,S090003437,17.266666666666666,kakao_mobility
다아56b10a,S090003438,22.316666666666666,kakao_mobility
다아56b10a,S090003441,26.883333333333333,kakao_mobility
다아56b10a,S090003442,22.95,kakao_mobility
다아62b08b,S090003414,19.866666666666667,kakao_mobility
다아62b08b,S090003417,12.016666666666667,kakao_mobility
다아62b08b,S090003419,14.483333333333333,kakao_mobility
다아62b08b,S090003423,13.433333333333334,kakao_mobility
다아62b08b,S090003424,29.333333333333332,kakao_mobility
다아62b08b,S090003426,11.133333333333333,kakao_mobility
다아62b08b,S090003428,25.016666666666666,kakao_mobility
다아62b08b,S090003429,16.4,kakao_mobility
다아62b08b,S090003431,4.75,kakao_mobility
다아62b08b,S090003437,8.166666666666666,kakao_mobility
다아62b08b,S090003438,10.116666666666667,kakao_mobility
다아62b08b,S090003441,14.45,kakao_mobility
다아62b08b,S090003442,9.733333333333333,kakao_mobility
다아61a03b,S090003414,15.733333333333333,kakao_mobility
다아61a03b,S090003417,10.75,kakao_mobility
다아61a03b,S090003419,21.716666666666665,kakao_mobility
다아61a03b,S090003423,12.033333333333333,kakao_mobility
다아61a03b,S090003424,24.95,kakao_mobility
다아61a03b,S090003426,18.516666666666666,kakao_mobility
다아61a03b,S090003428,20.716666666666665,kakao_mobility
다아61a03b,S090003429,12.283333333333333,kakao_mobility
다아61a03b,S090003431,12.216666666666667,kakao_mobility
다아61a03b,S090003437,7.183333333333334,kakao_mobility
다아61a03b,S090003438,5.2,kakao_mobility
다아61a03b,S090003441,10.033333333333333,kakao_mobility
다아61a03b,S090003442,5.516666666666667,kakao_mobility
다아62b02b,S090003414,19.0,kakao_mobility
다아62b02b,S090003417,9.35,kakao_mobility
다아62b02b,S090003419,23.0,kakao_mobility
다아62b02b,S090003423,10.65,kakao_mobility
다아62b02b,S090003424,28.3,kakao_mobility
다아62b02b,S090003426,19.65,kakao_mobility
다아62b02b,S090003428,24.033333333333335,kakao_mobility
다아62b02b,S090003429,15.483333333333333,kakao_mobility
다아62b02b,S090003431,13.433333333333334,kakao_mobility
다아62b02b,S090003437,8.4,kakao_mobility
다아62b02b,S090003438,2.316666666666667,kakao_mobility
다아62b02b,S090003441,7.716666666666667,kakao_mobility
다아62b02b,S090003442,8.783333333333333,kakao_mobility
다아57b09b,S090003414,9.266666666666667,kakao_mobility
다아57b09b,S090003417,22.8,kakao_mobility
다아57b09b,S090003419,24.0,kakao_mobility
다아57b09b,S090003423,24.066666666666666,kakao_mobility
다아57b09b,S090003424,23.983333333333334,kakao_mobility
다아57b09b,S090003426,12.5,kakao_mobility
다아57b09b,S090003428,29.766666666666666,kakao_mobility
다아57b09b,S090003429,7.35,kakao_mobility
다아57b09b,S090003431,13.0,kakao_mobility
다아57b09b,S090003437,14.533333333333333,kakao_mobility
다아57b09b,S090003438,19.616666666666667,kakao_mobility
다아57b09b,S090003441,24.4,kakao_mobility
다아57b09b,S090003442,20.25,kakao_mobility
다아62b10a,S090003414,23.216666666666665,kakao_mobility
다아62b10a,S090003417,15.116666666666667,kakao_mobility
다아62b10a,S090003419,13.55,kakao_mobility
다아62b10a,S090003423,16.5,kakao_mobility
다아62b10a,S090003424,32.5,kakao_mobility
다아62b10a,S090003426,10.05,kakao_mobility
다아62b10a,S090003428,28.133333333333333,kakao_mobility
다아62b10a,S090003429,19.55,kakao_mobility
다아62b10a,S090003431,6.333333333333333,kakao_mobility
다아62b10a,S090003437,11.266666666666667,kakao_mobility
다아62b10a,S090003438,13.216666666666667,kakao_mobility
다아62b10a,S090003441,17.383333333333333,kakao_mobility
다아62b10a,S090003442,12.833333333333334,kakao_mobility
다아62a04a,S090003414,17.083333333333332,kakao_mobility
다아62a04a,S090003417,9.166666666666666,kakao_mobility
다아62a04a,S090003419,20.2,kakao_mobility
다아62a04a,S090003423,10.466666666666667,kakao_mobility
다아62a04a,S090003424,26.25,kakao_mobility
다아62a04a,S090003426,16.916666666666668,kakao_mobility
다아62a04a,S090003428,22.016666666666666,kakao_mobility
다아62a04a,S090003429,13.633333333333333,kakao_mobility
다아62a04a,S090003431,10.6,kakao_mobility
다아62a04a,S090003437,5.566666666666666,kakao_mobility
다아62a04a,S090003438,3.8666666666666667,kakao_mobility
다아62a04a,S090003441,9.9,kakao_mobility
다아62a04a,S090003442,6.866666666666666,kakao_mobility
다아63a11b,S090003414,24.183333333333334,kakao_mobility
다아63a11b,S090003417,16.116666666666667,kakao_mobility
다아63a11b,S090003419,16.083333333333332,kakao_mobility
다아63a11b,S090003423,17.366666666666667,kakao_mobility
다아63a11b,S090003424,33.416666666666664,kakao_mobility
다아63a11b,S090003426,6.75,kakao_mobility
다아63a11b,S090003428,29.05,kakao_mobility
다아63a11b,S090003429,20.683333333333334,kakao_mobility
다아63a11b,S090003431,3.2666666666666666,kakao_mobility
다아63a11b,S090003437,12.266666666666667,kakao_mobility
다아63a11b,S090003438,14.216666666666667,kakao_mobility
다아63a11b,S090003441,18.316666666666666,kakao_mobility
다아63a11b,S090003442,13.85,kakao_mobility
다아59a03a,S090003414,11.566666666666666,kakao_mobility
다아59a03a,S090003417,12.383333333333333,kakao_mobility
다아59a03a,S090003419,23.933333333333334,kakao_mobility
다아59a03a,S090003423,13.816666666666666,kakao_mobility
다아59a03a,S090003424,24.65,kakao_mobility
다아59a03a,S090003426,20.633333333333333,kakao_mobility
다아59a03a,S090003428,19.116666666666667,kakao_mobility
다아59a03a,S090003429,8.116666666666667,kakao_mobility
다아59a03a,S090003431,14.433333333333334,kakao_mobility
다아59a03a,S090003437,11.366666666666667,kakao_mobility
다아59a03a,S090003438,9.183333333333334,kakao_mobility
다아59a03a,S090003441,14.016666666666667,kakao_mobility
다아59a03a,S090003442,9.75,kakao_mobility
다아62a02a,S090003414,17.066666666666666,kakao_mobility
다아62a02a,S090003417,10.1,kakao_mobility
다아62a02a,S090003419,21.433333333333334,kakao_mobility
다아62a02a,S090003423,11.45,kakao_mobility
다아62a02a,S090003424,26.283333333333335,kakao_mobility
다아62a02a,S090003426,18.216666666666665,kakao_mobility
다아62a02a,S090003428,22.033333333333335,kakao_mobility
다아62a02a,S090003429,13.616666666666667,kakao_mobility
다아62a02a,S090003431,11.9,kakao_mobility
다아62a02a,S090003437,6.866666666666666,kakao_mobility
다아62a02a,S090003438,4.55,kakao_mobility
다아62a02a,S090003441,8.45,kakao_mobility
다아62a02a,S090003442,6.866666666666666,kakao_mobility
다아62b10b,S090003414,22.366666666666667,kakao_mobility
다아62b10b,S090003417,14.25,kakao_mobility
다아62b10b,S090003419,17.116666666666667,kakao_mobility
다아62b10b,S090003423,15.583333333333334,kakao_mobility
다아62b10b,S090003424,31.6,kakao_mobility
다아62b10b,S090003426,7.483333333333333,kakao_mobility
다아62b10b,S090003428,27.25,kakao_mobility
다아62b10b,S090003429,18.7,kakao_mobility
다아62b10b,S090003431,0.9,kakao_mobility
다아62b10b,S090003437,10.4,kakao_mobility
다아62b10b,S090003438,12.35,kakao_mobility
다아62b10b,S090003441,16.516666666666666,kakao_mobility
다아62b10b,S090003442,11.983333333333333,kakao_mobility
다사62a99b,S090003414,22.55,kakao_mobility
다사62a99b,S090003417,11.05,kakao_mobility
다사62a99b,S090003419,26.616666666666667,kakao_mobility
다사62a99b,S090003423,13.266666666666667,kakao_mobility
다사62a99b,S090003424,31.733333333333334,kakao_mobility
다사62a99b,S090003426,23.5,kakao_mobility
다사62a99b,S090003428,27.4,kakao_mobility
다사62a99b,S090003429,18.866666666666667,kakao_mobility
다사62a99b,S090003431,17.283333333333335,kakao_mobility
다사62a99b,S090003437,12.166666666666666,kakao_mobility
다사62a99b,S090003438,9.833333333333334,kakao_mobility
다사62a99b,S090003441,2.683333333333333,kakao_mobility
다사62a99b,S090003442,12.133333333333333,kakao_mobility
다아61a03a,S090003414,13.6,kakao_mobility
다아61a03a,S090003417,10.25,kakao_mobility
다아61a03a,S090003419,22.6,kakao_mobility
다아61a03a,S090003423,11.683333333333334,kakao_mobility
다아61a03a,S090003424,22.8,kakao_mobility
다아61a03a,S090003426,19.25,kakao_mobility
다아61a03a,S090003428,18.583333333333332,kakao_mobility
다아61a03a,S090003429,10.15,kakao_mobility
다아61a03a,S090003431,13.05,kakao_mobility
다아61a03a,S090003437,8.033333333333333,kakao_mobility
다아61a03a,S090003438,4.7,kakao_mobility
다아61a03a,S090003441,9.516666666666667,kakao_mobility
다아61a03a,S090003442,3.3833333333333333,kakao_mobility
다아67b02b,S090003406,21.133333333333333,kakao_mobility
다아67b02b,S090003407,23.75,kakao_mobility
다아67b02b,S090003408,28.766666666666666,kakao_mobility
다아67b02b,S090003409,16.25,kakao_mobility
다아67b02b,S090003410,8.583333333333334,kakao_mobility
다아67b02b,S090003411,5.633333333333334,kakao_mobility
다아62a01b,S090003406,18.75,kakao_mobility
다아62a01b,S090003407,23.116666666666667,kakao_mobility
다아62a01b,S090003408,26.55,kakao_mobility
다아62a01b,S090003409,15.516666666666667,kakao_mobility
다아62a01b,S090003410,6.366666666666666,kakao_mobility
다아62a01b,S090003411,10.566666666666666,kakao_mobility
다아62b03a,S090003406,18.066666666666666,kakao_mobility
다아62b03a,S090003407,23.716666666666665,kakao_mobility
다아62b03a,S090003408,25.916666666666668,kakao_mobility
다아62b03a,S090003409,16.233333333333334,kakao_mobility
다아62b03a,S090003410,4.25,kakao_mobility
다아62b03a,S090003411,5.25,kakao_mobility
다아62b11b,S090003406,24.466666666666665,kakao_mobility
다아62b11b,S090003407,15.933333333333334,kakao_mobility
다아62b11b,S090003408,32.05,kakao_mobility
다아62b11b,S090003409,1.6,kakao_mobility
다아62b11b,S090003410,13.65,kakao_mobility
다아62b11b,S090003411,15.3,kakao_mobility
다아62b03b,S090003406,17.183333333333334,kakao_mobility
다아62b03b,S090003407,22.933333333333334,kakao_mobility
다아62b03b,S090003408,25.066666666666666,kakao_mobility
다아62b03b,S090003409,15.366666666666667,kakao_mobility
다아62b03b,S090003410,1.9666666666666666,kakao_mobility
다아62b03b,S090003411,6.866666666666666,kakao_mobility
다아61b02b,S090003406,14.933333333333334,kakao_mobility
다아61b02b,S090003407,22.216666666666665,kakao_mobility
다아61b02b,S090003408,22.566666666666666,kakao_mobility
다아61b02b,S090003409,14.583333333333334,kakao_mobility
다아61b02b,S090003410,6.133333333333334,kakao_mobility
다아61b02b,S090003411,10.333333333333334,kakao_mobility
다아62b01b,S090003406,20.283333333333335,kakao_mobility
다아62b01b,S090003407,24.566666666666666,kakao_mobility
다아62b01b,S090003408,27.966666666666665,kakao_mobility
다아62b01b,S090003409,17.016666666666666,kakao_mobility
다아62b01b,S090003410,7.1,kakao_mobility
다아62b01b,S090003411,10.133333333333333,kakao_mobility
다아62a02b,S090003406,16.9,kakao_mobility
다아62a02b,S090003407,21.066666666666666,kakao_mobility
다아62a02b,S090003408,24.783333333333335,kakao_mobility
다아62a02b,S090003409,13.383333333333333,kakao_mobility
다아62a02b,S090003410,4.25,kakao_mobility
다아62a02b,S090003411,8.45,kakao_mobility
다아61b03b,S090003406,15.283333333333333,kakao_mobility
다아61b03b,S090003407,21.55,kakao_mobility
다아61b03b,S090003408,22.966666666666665,kakao_mobility
다아61b03b,S090003409,13.9,kakao_mobility
다아61b03b,S090003410,4.016666666666667,kakao_mobility
다아61b03b,S090003411,8.216666666666667,kakao_mobility
다아62a03b,S090003406,18.283333333333335,kakao_mobility
다아62a03b,S090003407,20.85,kakao_mobility
다아62a03b,S090003408,26.083333333333332,kakao_mobility
다아62a03b,S090003409,13.166666666666666,kakao_mobility
다아62a03b,S090003410,3.4166666666666665,kakao_mobility
다아62a03b,S090003411,8.483333333333333,kakao_mobility
다아62b04a,S090003406,18.583333333333332,kakao_mobility
다아62b04a,S090003407,21.35,kakao_mobility
다아62b04a,S090003408,26.416666666666668,kakao_mobility
다아62b04a,S090003409,13.7,kakao_mobility
다아62b04a,S090003410,1.5166666666666666,kakao_mobility
다아62b04a,S090003411,8.8,kakao_mobility
다아62a03a,S090003406,16.3,kakao_mobility
다아62a03a,S090003407,21.516666666666666,kakao_mobility
다아62a03a,S090003408,24.166666666666668,kakao_mobility
다아62a03a,S090003409,13.883333333333333,kakao_mobility
다아62a03a,S090003410,3.1333333333333333,kakao_mobility
다아62a03a,S090003411,7.333333333333333,kakao_mobility
다아63a11a,S090003406,23.6,kakao_mobility
다아63a11a,S090003407,14.283333333333333,kakao_mobility
다아63a11a,S090003408,30.95,kakao_mobility
다아63a11a,S090003409,3.466666666666667,kakao_mobility
다아63a11a,S090003410,12.55,kakao_mobility
다아63a11a,S090003411,14.2,kakao_mobility
다아62b02a,S090003406,19.416666666666668,kakao_mobility
다아62b02a,S090003407,23.716666666666665,kakao_mobility
다아62b02a,S090003408,27.15,kakao_mobility
다아62b02a,S090003409,16.183333333333334,kakao_mobility
다아62b02a,S090003410,6.25,kakao_mobility
다아62b02a,S090003411,9.3,kakao_mobility
다아62b08b,S090003406,20.016666666666666,kakao_mobility
다아62b08b,S090003407,14.35,kakao_mobility
다아62b08b,S090003408,27.666666666666668,kakao_mobility
다아62b08b,S090003409,6.616666666666666,kakao_mobility
다아62b08b,S090003410,9.1,kakao_mobility
다아62b08b,S090003411,10.816666666666666,kakao_mobility
다아61a03b,S090003406,15.683333333333334,kakao_mobility
다아61a03b,S090003407,21.733333333333334,kakao_mobility
다아61a03b,S090003408,23.466666666666665,kakao_mobility
다아61a03b,S090003409,14.15,kakao_mobility
다아61a03b,S090003410,5.316666666666666,kakao_mobility
다아61a03b,S090003411,9.516666666666667,kakao_mobility
다아62b02b,S090003406,18.983333333333334,kakao_mobility
다아62b02b,S090003407,22.933333333333334,kakao_mobility
다아62b02b,S090003408,26.716666666666665,kakao_mobility
다아62b02b,S090003409,15.4,kakao_mobility
다아62b02b,S090003410,5.066666666666666,kakao_mobility
다아62b02b,S090003411,8.1,kakao_mobility
다아63a11b,S090003406,24.216666666666665,kakao_mobility
다아63a11b,S090003407,16.316666666666666,kakao_mobility
다아63a11b,S090003408,31.533333333333335,kakao_mobility
다아63a11b,S090003409,2.0833333333333335,kakao_mobility
다아63a11b,S090003410,13.2,kakao_mobility
다아63a11b,S090003411,14.8,kakao_mobility
다아59a03a,S090003406,11.683333333333334,kakao_mobility
다아59a03a,S090003407,23.9,kakao_mobility
다아59a03a,S090003408,21.766666666666666,kakao_mobility
다아59a03a,S090003409,16.466666666666665,kakao_mobility
다아59a03a,S090003410,9.366666666666667,kakao_mobility
다아59a03a,S090003411,11.216666666666667,kakao_mobility
다아62a02a,S090003406,17.05,kakao_mobility
다아62a02a,S090003407,21.416666666666668,kakao_mobility
다아62a02a,S090003408,24.85,kakao_mobility
다아62a02a,S090003409,13.816666666666666,kakao_mobility
다아62a02a,S090003410,4.666666666666667,kakao_mobility
다아62a02a,S090003411,8.866666666666667,kakao_mobility
다아61a03a,S090003406,13.616666666666667,kakao_mobility
다아61a03a,S090003407,22.55,kakao_mobility
다아61a03a,S090003408,21.25,kakao_mobility
다아61a03a,S090003409,15.016666666666667,kakao_mobility
다아61a03a,S090003410,4.816666666666666,kakao_mobility
다아61a03a,S090003411,9.016666666666667,kakao_mobility
