school_code,school_name,lat,lon
S090000881,가평마장초등학교,37.85997251,127.5142923
S090000882,가평초등학교,37.83081328,127.5072897
S090000885,대성초등학교,37.68312575,127.3776928
S090000890,목동초등학교,37.87934605,127.5481207
S090000895,미원초등학교,37.67952506,127.4907358
S090000899,미원초등학교위곡분교장,37.67062317,127.5153329
S090000900,미원초등학교장락분교장,37.70388933,127.5401557
S090000901,방일초등학교,37.62929786,127.4994479
S090000905,상면초등학교,37.7760635,127.3711377
S090000906,상색초등학교,37.80540353,127.4849856
S090000908,상천초등학교,37.77011441,127.4560853
S090000910,연하초등학교,37.80326029,127.3425054
S090000914,율길초등학교,37.83790181,127.2885688
S090000916,조종초등학교,37.82151519,127.348932
S090000920,청평초등학교,37.73783289,127.4218861
S090000974,가람초등학교,37.62371945,126.8422244
S090000975,강선초등학교,37.67122823,126.7646257
S090000976,고봉초등학교,37.69613944,126.7826205
S090000977,고양백석초등학교,37.65213917,126.7890577
S090000978,고양신일초등학교,37.67954962,126.7708302
S090000979,고양용현초등학교,37.61517772,126.8382259
S090000980,고양초등학교,37.70312414,126.899631
S090000981,고양화수초등학교,37.64537919,126.8327312
S090000982,고양화정초등학교,37.63400605,126.826111
S090000983,금계초등학교,37.649601,126.7843119
S090000984,낙민초등학교,37.65392838,126.7801004
S090000985,내유초등학교,37.71556258,126.8519554
S090000986,냉천초등학교,37.66672298,126.7856589
S090000987,능곡초등학교,37.62445113,126.8159437
S090000988,대곡초등학교,37.64115655,126.8127529
S090000989,대화초등학교,37.67157089,126.7323693
S090000990,덕은초등학교,37.60332601,126.8727127
S090000991,덕이초등학교,37.69275572,126.7483805
S090000992,무원초등학교,37.6176977,126.8316582
S090000993,문촌초등학교,37.6733938,126.7604434
S090000994,문화초등학교,37.67486374,126.7672033
S090000995,백마초등학교,37.65789717,126.7908831
S090000998,백신초등학교,37.64426795,126.7811094
S090000999,백양초등학교,37.63225803,126.8361005
S090001000,벽제초등학교,37.69562939,126.8432728
S090001001,삼송초등학교,37.6541995,126.8823957
S090001002,상탄초등학교,37.6951347,126.7666945
S090001003,성라초등학교,37.65279018,126.8338443
S090001004,성사초등학교,37.65782169,126.8436524
S090001005,성석초등학교,37.70737883,126.8123741
S090001006,성신초등학교,37.62663419,126.83992
S090001007,성저초등학교,37.68474502,126.7573647
S090001008,소만초등학교,37.61754278,126.8395857
S090001009,송포초등학교,37.68540122,126.7205405
S090001010,일산은행초등학교,37.66932912,126.8064844
S090001011,신능초등학교,37.62414406,126.8312671
S090001012,신원초등학교,37.66780558,126.8858833
S090001014,신촌초등학교,37.68162503,126.7661082
S090001015,안곡초등학교,37.68475123,126.7818546
S090001016,오마초등학교,37.67704114,126.7629997
S090001017,용두초등학교,37.62157483,126.8932079
S090001018,용정초등학교,37.63854875,126.8297047
S090001019,원당초등학교,37.66235886,126.834931
S090001020,원중초등학교,37.6751316,126.814731
S090001021,율동초등학교,37.67544394,126.7788445
S090001023,일산초등학교,37.68298887,126.7719674
S090001024,장성초등학교,37.67794916,126.7496619
S090001025,장촌초등학교,37.67282742,126.7489605
S090001026,저동초등학교,37.66801128,126.7738784
S090001027,정발초등학교,37.65577171,126.783759
S090001028,주엽초등학교,37.66738993,126.7615108
S090001029,중산초등학교,37.69044448,126.7835571
S090001030,지도초등학교,37.62827339,126.8337591
S090001032,토당초등학교,37.61719519,126.8262942
S090001033,풍산초등학교,37.66687039,126.7967057
S090001034,한수초등학교,37.66933747,126.7575689
S090001035,행남초등학교,37.61518264,126.8425493
S090001036,행신초등학교,37.62194692,126.8364546
S090001037,행주초등학교,37.6034034,126.8243428
S090001038,현산초등학교,37.69269168,126.7710938
S090001039,호곡초등학교,37.70111367,126.7667961
S090001040,호수초등학교,37.6470271,126.7779626
S090001041,화중초등학교,37.64089349,126.8360183
S090001042,황룡초등학교,37.69844738,126.7680071
S090001043,흥도초등학교,37.62748273,126.8718082
S090001199,가림초등학교,37.45855007,126.8789116
S090001201,광명광덕초등학교,37.47393367,126.8659323
S090001202,광명광성초등학교,37.47885028,126.873071
S090001203,광명남초등학교,37.47512709,126.8537024
S090001204,광명동초등학교,37.48395182,126.8633963
S090001205,광명북초등학교,37.48649649,126.8676338
S090001206,광명서초등학교,37.47847217,126.8470137
S090001207,광명초등학교,37.48086006,126.857414
S090001208,광문초등학교,37.46688788,126.8516677
S090001210,광일초등학교,37.47162377,126.8469394
S090001211,도덕초등학교,37.48457015,126.8702495
S090001212,서면초등학교,37.43863936,126.8795927
S090001213,소하초등학교,37.44927566,126.8873732
S090001214,안서초등학교,37.40278319,126.8706442
S090001215,연서초등학교,37.46593524,126.88242
S090001216,온신초등학교,37.44276065,126.8468523
S090001217,철산초등학교,37.46979433,126.8745934
S090001218,하안남초등학교,37.46217243,126.8852513
S090001219,하안북초등학교,37.46470851,126.8691342
S090001220,하안초등학교,37.46306043,126.873989
S090001221,하일초등학교,37.46908545,126.8764178
S090001279,경안초등학교,37.41151696,127.2477647
S090001281,곤지암초등학교,37.34966983,127.3381352
S090001282,광남초등학교,37.39401569,127.2304609
S090001284,광주광명초등학교,37.35961347,127.1609419
S090001285,광주매곡초등학교,37.37221201,127.2486143
S090001286,광주초등학교,37.41062971,127.2552011
S090001288,광지원초등학교,37.46389638,127.251734
S090001289,남한산초등학교,37.47862091,127.1860783
S090001290,덕풍초등학교,37.54067674,127.1975011
S090001291,도곡초등학교,37.37087071,127.2996093
S090001292,도궁초등학교,37.33465402,127.3124887
S090001293,도수초등학교,37.47187879,127.3182656
S090001294,도심초등학교,37.58015633,127.2273682
S090001295,도척초등학교,37.30364333,127.3319893
S090001296,동부초등학교,37.53748386,127.2021348
S090001298,만선초등학교,37.36640135,127.4111165
S090001299,망월초등학교,37.57083433,127.1806492
S090001301,번천초등학교,37.44515314,127.2669502
S090001302,분원초등학교,37.49625742,127.3034488
S090001305,산곡초등학교,37.5040936,127.2345321
S090001306,삼리초등학교,37.35782142,127.3243262
S090001307,서부초등학교,37.51574263,127.1620385
S090001308,선동초등학교,37.37809776,127.3175855
S090001309,신장초등학교,37.54267108,127.2080043
S090001310,쌍령초등학교,37.39892325,127.2810845
S090001311,오포초등학교,37.36089247,127.2156113
S090001312,창우초등학교,37.54065829,127.2237555
S090001314,초월초등학교,37.40790493,127.3078667
S090001315,탄벌초등학교,37.4201828,127.2485144
S090001316,태전초등학교,37.38885946,127.2271184
S090001317,하남천현초등학교,37.53808695,127.2161188
S090001318,하남초등학교,37.53742616,127.2221663
S090001380,갈뫼초등학교,37.37679311,126.9722114
S090001381,고천초등학교,37.3489678,126.9756357
S090001382,곡란초등학교,37.37424391,126.9338506
S090001383,관모초등학교,37.37620221,126.938033
S090001384,광정초등학교,37.36593675,126.9305979
S090001385,군포양정초등학교,37.35930627,126.9406945
S090001386,군포옥천초등학교,37.34387477,126.9452915
S090001387,군포초등학교,37.34823766,126.9419284
S090001388,군포화산초등학교,37.35326066,126.934562
S090001389,궁내초등학교,37.36461098,126.92017
S090001390,금정초등학교,37.36646403,126.941225
S090001391,내손초등학교,37.38884898,126.9819813
S090001392,능내초등학교,37.35485983,126.9214275
S090001393,덕장초등학교,37.392216,126.9970756
S090001394,도장초등학교,37.34862294,126.9236158
S090001395,둔대초등학교,37.32663436,126.9109116
S090001396,둔전초등학교,37.36148222,126.9243647
S090001397,백운초등학교,37.38569779,126.9748192
S090001399,산본초등학교,37.36877717,126.9345913
S090001400,수리초등학교,37.36039563,126.9180787
S090001401,신흥초등학교,37.35650213,126.9266136
S090001403,오금초등학교,37.34799594,126.9259127
S090001404,오전초등학교,37.35495156,126.9724121
S090001405,왕곡초등학교,37.34518014,126.9804912
S090001406,용호초등학교,37.3422666,126.9407794
S090001407,의왕덕성초등학교,37.32158274,126.9582085
S090001408,의왕부곡초등학교,37.31630748,126.9494753
S090001409,의왕초등학교,37.36372368,126.9681873
S090001410,태을초등학교,37.37205306,126.9263632
S090001413,흥진초등학교,37.35386649,126.9281597
S090001498,감정초등학교,37.62348161,126.6953312
S090001499,개곡초등학교,37.73203072,126.5936414
S090001501,고창초등학교,37.64594685,126.672551
S090001502,고촌초등학교,37.60612099,126.7733694
S090001503,금란초등학교,37.60765405,126.7511726
S090001504,금성초등학교,37.74486002,126.6324555
S090001505,금파초등학교,37.62424133,126.716781
S090001506,양도초등학교,37.6029132,126.7204531
S090001507,김포대명초등학교,37.64842669,126.553575
S090001508,김포서초등학교,37.6290236,126.7017278
S090001509,김포초등학교,37.62583548,126.7084003
S090001512,대곶초등학교,37.65200913,126.5848107
S090001514,마송초등학교,37.68442672,126.6063034
S090001516,사우초등학교,37.62052677,126.7239749
S090001517,서암초등학교,37.69999628,126.6052043
S090001518,석정초등학교,37.67365359,126.5541183
S090001519,수남초등학교,37.62889835,126.5883894
S090001520,양곡초등학교,37.65584275,126.6220164
S090001521,옹정초등학교,37.69412627,126.5638994
S090001522,운양초등학교,37.64621086,126.6900861
S090001523,월곶초등학교,37.71770877,126.5521783
S090001525,유현초등학교,37.5989218,126.7262246
S090001527,풍무초등학교,37.60508712,126.7266135
S090001528,하성초등학교,37.72067449,126.63257
S090001529,학운초등학교,37.62030006,126.6248607
S090001600,가곡초등학교,37.68437154,127.3052128
S090001601,가양초등학교,37.73302813,127.2934794
S090001603,갈매초등학교,37.62842767,127.116054
S090001604,광릉초등학교,37.74592049,127.2067727
S090001605,교문초등학교,37.5982098,127.1335905
S090001606,구리초등학교,37.60121089,127.1475991
S090001607,구지초등학교,37.60726291,127.1422569
S090001608,금교초등학교,37.61427588,127.1616115
S090001609,금남초등학교,37.64368647,127.3620146
S090001611,남양주금곡초등학교,37.63587469,127.2119186
S090001612,남양주도곡초등학교,37.57978958,127.2189059
S090001613,남양주동곡초등학교,37.6288876,127.20392
S090001614,남양주미금초등학교,37.60893592,127.1551537
S090001615,남양주송라초등학교,37.65445977,127.3016823
S090001616,남양주송촌초등학교,37.56770133,127.3182328
S090001617,남양주양정초등학교,37.60865753,127.165748
S090001618,남양주양지초등학교,37.69908745,127.2064927
S090001619,남양주월문초등학교,37.60948839,127.2616036
S090001620,내양초등학교,37.64059471,127.1393169
S090001621,답내초등학교,37.66239095,127.3473013
S090001622,덕소초등학교,37.58737677,127.2149198
S090001624,도농초등학교,37.61238775,127.1574974
S090001625,도림초등학교,37.5932866,127.1299671
S090001626,도제원초등학교,37.64597684,127.1457677
S090001627,동구초등학교,37.60917318,127.1415867
S090001628,동인초등학교,37.610931,127.1338757
S090001629,마석초등학교,37.64953342,127.3050515
S090001632,백문초등학교,37.58859949,127.1327808
S090001634,별내초등학교,37.71140812,127.1183712
S090001635,부양초등학교,37.59045926,127.1415843
S090001638,수동초등학교,37.71181119,127.3234174
S090001639,수동초등학교송천분교장,37.69512457,127.3342585
S090001640,수택초등학교,37.59193504,127.15252
S090001641,심석초등학교,37.65730263,127.3068672
S090001644,오남초등학교,37.69527469,127.2145757
S090001645,와부초등학교,37.58704748,127.218926
S090001646,용신초등학교,37.66100507,127.1733424
S090001648,인창초등학교,37.60444952,127.1314952
S090001649,장승초등학교,37.73035591,127.1954113
S090001650,장자초등학교,37.58684043,127.1352789
S090001651,장현초등학교,37.71946287,127.1822165
S090001652,조안초등학교,37.54641013,127.3005896
S090001653,진건초등학교,37.65702846,127.1787473
S090001654,창현초등학교,37.64594218,127.3018512
S090001655,천마초등학교,37.65583217,127.2803967
S090001657,토평초등학교,37.58782449,127.1463829
S090001658,퇴계원초등학교,37.65370134,127.1414178
S090001660,평내초등학교,37.64908523,127.2377347
S090001661,풍양초등학교,37.70216089,127.1620794
S090001662,호평초등학교,37.66706912,127.2460639
S090001663,화접초등학교,37.65327026,127.1157569
S090001782,가납초등학교,37.81939865,126.9824246
S090001784,고암초등학교,37.83516678,127.0681674
S090001785,남면초등학교,37.89386597,126.9757578
S090001786,남면초등학교양덕분교장,37.90862973,126.9984139
S090001787,덕도초등학교,37.8411578,126.9776373
S090001789,덕정초등학교,37.84677221,127.0640354
S090001791,동두천초등학교,37.90840304,127.0598828
S090001793,동보초등학교,37.92457718,127.0517562
S090001795,보산초등학교,37.91494324,127.0638418
S090001796,봉암초등학교,37.91072948,127.006071
S090001797,사동초등학교,37.89877159,127.0485171
S090001798,산북초등학교,37.80608755,127.0391829
S090001799,삼상초등학교,37.70034708,126.9299518
S090001800,상수초등학교,37.8692227,126.9879691
S090001801,상패초등학교,37.89802794,127.0264769
S090001802,생연초등학교,37.90121487,127.0591352
S090001803,소요초등학교,37.94849078,127.0540277
S090001804,송추초등학교,37.71620385,126.9704422
S090001806,양주덕산초등학교,37.81819328,127.04773
S090001807,양주덕현초등학교,37.79963799,127.0808351
S090001808,양주백석초등학교,37.79644619,126.9866637
S090001809,연곡초등학교,37.80715791,126.9611638
S090001810,유양초등학교,37.78606274,127.0272166
S090001812,은봉초등학교,37.78135419,126.9831929
S090001813,은현초등학교,37.8631857,127.0242854
S090001814,지행초등학교,37.89193087,127.0616932
S090001816,칠봉초등학교,37.83808604,127.0703607
S090001817,탑동초등학교,37.89155643,127.1039343
S090001819,회정초등학교,37.83020916,127.0521646
S090001820,회천초등학교,37.83265552,127.0696094
S090001821,효촌초등학교,37.85794102,126.9632327
S090001914,계남초등학교,37.49897618,126.7721066
S090001915,고강초등학교,37.52727037,126.820188
S090001916,고리울초등학교,37.52724793,126.8271472
S090001918,까치울초등학교,37.51376391,126.8141972
S090001944,도당초등학교,37.51883136,126.7920021
S090001945,도원초등학교,37.47707264,126.7729533
S090001946,동곡초등학교,37.49059097,126.8167923
S090001953,범박초등학교,37.47027535,126.8113777
S090001954,복사초등학교,37.46731034,126.8079791
S090001956,부광초등학교,37.50703534,126.7621627
S090001957,부명초등학교,37.49782823,126.7652584
S090001959,부원초등학교,37.4781892,126.7913382
S090001960,부인초등학교,37.4897918,126.7487411
S090001961,부일초등학교,37.49852357,126.7946906
S090001962,부천남초등학교,37.48117626,126.7829631
S090001963,부천대명초등학교,37.52825675,126.7973557
S090001964,부천덕산초등학교,37.52986362,126.7907569
S090001966,부천동초등학교,37.4879117,126.8038687
S090001967,부천부곡초등학교,37.49408365,126.7731885
S090001968,부천부안초등학교,37.48004873,126.8119637
S090001969,부천부흥초등학교,37.50756926,126.7663526
S090001970,부천북초등학교,37.49366399,126.7881521
S090001971,부천삼정초등학교,37.51861458,126.770841
S090001972,부천서초등학교,37.48765072,126.7656988
S090001973,부천수주초등학교,37.53127063,126.8149996
S090001974,부천신흥초등학교,37.50640474,126.7847155
S090001975,부천여월초등학교,37.51813266,126.7966782
S090001976,부천역곡초등학교,37.49083071,126.8074876
S090001977,부천원일초등학교,37.53034695,126.802763
S090001978,부천중앙초등학교,37.4964992,126.7818257
S090001979,부천중원초등학교,37.51207326,126.7637887
S090001980,부천초등학교,37.5141701,126.7648576
S090001987,상도초등학교,37.49448521,126.7592496
S090001988,상동초등학교,37.49687044,126.7501495
S090001989,상원초등학교,37.4982718,126.7532784
S090001990,상인초등학교,37.51280378,126.756348
S090001991,상일초등학교,37.50180265,126.7504878
S090001992,상지초등학교,37.49402063,126.7634728
S090002001,성주초등학교,37.47845899,126.7696295
S090002002,소사초등학교,37.47361187,126.7973298
S090002003,송내초등학교,37.4906788,126.7587493
S090002007,신도초등학교,37.49783185,126.7581195
S090002011,소일초등학교,37.46920358,126.8025378
S090002015,심곡초등학교,37.49175137,126.7769146
S090002016,심원초등학교,37.49943237,126.7812105
S090002017,약대초등학교,37.51360773,126.7727484
S090002022,오정초등학교,37.52717104,126.8075305
S090002026,원미초등학교,37.48963631,126.7872986
S090002027,원종초등학교,37.51822255,126.8063074
S090002038,중흥초등학교,37.50668196,126.7732474
S090002039,창영초등학교,37.47516929,126.8048426
S090002210,검단초등학교,37.42948258,127.144034
S090002211,구미초등학교,37.33776429,127.1183073
S090002214,금빛초등학교,37.44734641,127.1405553
S090002215,금상초등학교,37.44355007,127.1659942
S090002216,낙생초등학교,37.39430405,127.0989134
S090002217,내정초등학교,37.3724032,127.122265
S090002218,단남초등학교,37.44290368,127.161375
S090002219,단대초등학교,37.45368807,127.1577469
S090002221,당촌초등학교,37.37368941,127.131262
S090002223,대일초등학교,37.43846881,127.1641844
S090002224,대하초등학교,37.43190777,127.1513041
S090002225,돌마초등학교,37.40909939,127.1303783
S090002227,백현초등학교,37.37219331,127.1111656
S090002228,복정초등학교,37.46247112,127.1303836
S090002229,분당초등학교,37.37898822,127.1296966
S090002230,불곡초등학교,37.34098363,127.1197315
S090002231,불정초등학교,37.36125574,127.1194969
S090002232,상대원초등학교,37.4423833,127.181591
S090002234,상원초등학교,37.45388421,127.1627759
S090002235,상탑초등학교,37.40620861,127.1456346
S090002236,서당초등학교,37.37460238,127.1345888
S090002237,서현초등학교,37.38257622,127.12855
S090002238,성남동초등학교,37.4492524,127.1621785
S090002239,성남매송초등학교,37.40218357,127.1224032
S090002240,성남미금초등학교,37.34742048,127.1153003
S090002241,성남북초등학교,37.45149984,127.1514735
S090002242,성남서초등학교,37.44854378,127.1294194
S090002243,성남신기초등학교,37.36658192,127.1110596
S090002244,성남신흥초등학교,37.45057746,127.1434705
S090002245,성남은행초등학교,37.46100227,127.1709005
S090002246,성남장안초등학교,37.37266155,127.1444594
S090002247,성남제일초등학교,37.43890676,127.1496107
S090002248,성남수정초등학교,37.43621121,127.1327837
S090002249,성남중앙초등학교,37.43625492,127.1435588
S090002250,성남초등학교,37.44608455,127.144146
S090002251,성수초등학교,37.43376609,127.1272377
S090002252,수내초등학교,37.36776564,127.1246626
S090002253,수진초등학교,37.44494388,127.1334651
S090002256,안말초등학교,37.39315429,127.1259824
S090002257,야탑초등학교,37.41661561,127.1256267
S090002258,양영초등학교,37.37465969,127.1400905
S090002259,오리초등학교,37.34435285,127.1153656
S090002260,왕남초등학교,37.42868223,127.0984126
S090002262,이매초등학교,37.39721014,127.1264932
S090002267,중부초등학교,37.45154694,127.1649507
S090002269,중원초등학교,37.43785528,127.1678574
S090002270,중탑초등학교,37.41392399,127.1396854
S090002271,청솔초등학교,37.35465808,127.1141001
S090002272,초림초등학교,37.37682557,127.1175924
S090002273,탄천초등학교,37.36159606,127.1156357
S090002274,태평초등학교,37.44495416,127.1316938
S090002275,하원초등학교,37.44625438,127.1702362
S090002276,하탑초등학교,37.4073264,127.1266127
S090002277,한솔초등학교,37.36677602,127.1180159
S090002278,희망대초등학교,37.44749919,127.1491148
S090002444,고색초등학교,37.25156123,126.9783835
S090002445,고현초등학교,37.24914159,126.9881439
S090002446,곡반초등학교,37.24680875,127.0362137
S090002447,곡선초등학교,37.25076143,127.0253992
S090002448,구운초등학교,37.28066615,126.9779455
S090002449,권선초등학교,37.26329738,127.0217658
S090002450,남수원초등학교,37.24989337,127.0167352
S090002451,남창초등학교,37.2781857,127.0142292
S090002452,당수초등학교,37.28969083,126.9415403
S090002453,대평초등학교,37.29774522,126.9907648
S090002454,동수원초등학교,37.26956799,127.0405268
S090002455,수원동신초등학교,37.29567288,126.9891755
S090002456,매산초등학교,37.27214613,127.0107555
S090002457,매원초등학교,37.27438801,127.0637213
S090002458,매탄초등학교,37.26415677,127.0431916
S090002459,매현초등학교,37.25654437,127.0420138
S090002460,명당초등학교,37.25225192,127.0393016
S090002461,명인초등학교,37.29423188,126.9948897
S090002462,산남초등학교,37.27064523,127.0501161
S090002463,산의초등학교,37.29037137,127.057187
S090002464,상률초등학교,37.30476787,126.9695872
S090002465,상촌초등학교,37.27320642,126.9353319
S090002466,서호초등학교,37.26623106,126.9903299
S090002467,세곡초등학교,37.25629813,127.0283401
S090002468,세류초등학교,37.26636058,127.010354
S090002469,소화초등학교,37.27820749,127.0528005
S090002470,송림초등학교,37.2912808,126.9917372
S090002471,송원초등학교,37.30849343,127.010124
S090002472,송정초등학교,37.29707655,127.0017089
S090002473,송죽초등학교,37.30076246,127.0060008
S090002474,수성초등학교,37.30561994,127.0144759
S090002475,수원금곡초등학교,37.27970688,126.9526515
S090002477,수원선일초등학교,37.24833751,127.0304334
S090002478,수원신곡초등학교,37.25804509,127.0133727
S090002479,수원초등학교,37.27783129,127.0043475
S090002480,숙지초등학교,37.28323146,126.9917106
S090002482,신성초등학교,37.25547143,127.0816557
S090002483,신영초등학교,37.25015801,127.0602538
S090002484,신풍초등학교,37.28639813,127.0531872
S090002485,안룡초등학교,37.23332545,127.0247048
S090002486,연무초등학교,37.28730746,127.0219242
S090002487,영덕초등학교,37.25905057,127.0739487
S090002488,영동초등학교,37.24980193,127.0660942
S090002489,영일초등학교,37.24845193,127.0735665
S090002490,영통초등학교,37.25451415,127.0644383
S090002491,영화초등학교,37.29686206,127.0163697
S090002492,오목초등학교,37.23969613,126.9656145
S090002493,우만초등학교,37.29144659,127.0324161
S090002494,원일초등학교,37.26779736,127.0602571
S090002495,원천초등학교,37.26847708,127.0537706
S090002496,율전초등학교,37.29956659,126.9686866
S090002497,율현초등학교,37.28722869,126.9828949
S090002498,인계초등학교,37.27314985,127.0260774
S090002499,일월초등학교,37.28421904,126.9743928
S090002500,잠원초등학교,37.23872914,127.0525213
S090002501,정자초등학교,37.29957588,126.9951959
S090002502,정천초등학교,37.2912382,126.9827548
S090002503,조원초등학교,37.30321326,127.0172011
S090002504,중앙기독초등학교,37.27533477,127.0576904
S090002506,지동초등학교,37.27715909,127.024503
S090002507,창용초등학교,37.29959882,127.0313858
S090002508,천일초등학교,37.30095712,126.9781743
S090002509,천천초등학교,37.30058446,126.982582
S090002510,청명초등학교,37.26563109,127.0851747
S090002511,칠보초등학교,37.26986181,126.9553744
S090002512,탑동초등학교,37.27351524,126.9728696
S090002513,태장초등학교,37.24087205,127.0546251
S090002514,파장초등학교,37.30896098,126.9923556
S090002515,한일초등학교,37.30709739,127.0058122
S090002516,호매실초등학교,37.26731936,126.9563936
S090002517,화서초등학교,37.28119982,127.0005411
S090002518,화양초등학교,37.28354656,126.9950478
S090002519,화홍초등학교,37.28724566,127.0028824
S090002520,황곡초등학교,37.2655424,127.0782969
S090002521,효동초등학교,37.26251285,127.0457449
S090002522,효성초등학교,37.28347335,127.0393624
S090002523,효원초등학교,37.2591319,127.039915
S090002524,효정초등학교,37.25513574,127.0349022
S090002525,효천초등학교,37.2934661,126.9869171
S090002715,각골초등학교,37.29261701,126.8730215
S090002716,검바위초등학교,37.43267508,126.799004
S090002718,경일초등학교,37.32421145,126.8476819
S090002719,계수초등학교,37.45317101,126.8205729
S090002720,고잔초등학교,37.3250803,126.827359
S090002721,관산초등학교,37.32882916,126.8064151
S090002722,군서초등학교,37.34736139,126.7518122
S090002723,군자초등학교,37.34381341,126.7870847
S090002724,금모래초등학교,37.44160032,126.7952003
S090002725,냉정초등학교,37.35779542,126.7351716
S090002726,능길초등학교,37.33598504,126.7642473
S090002727,대남초등학교,37.21959713,126.575382
S090002729,대동초등학교,37.24136172,126.6002123
S090002730,대부초등학교,37.24561396,126.5805449
S090002731,대야초등학교,37.44684973,126.7898206
S090002732,덕성초등학교,37.3270278,126.8367647
S090002733,도일초등학교,37.34912731,126.7819203
S090002734,도창초등학교,37.40696935,126.8237405
S090002735,매화초등학교,37.30591091,126.862365
S090002736,목감초등학교,37.38681999,126.8588871
S090002737,반월초등학교,37.30520344,126.9006094
S090002738,별망초등학교,37.30455278,126.8133764
S090002739,본오초등학교,37.29486464,126.867939
S090002740,본원초등학교,37.29049387,126.8624697
S090002741,삼일초등학교,37.33214935,126.8498188
S090002742,상록초등학교,37.29893794,126.8662451
S090002743,서촌초등학교,37.34942585,126.7275021
S090002744,서해초등학교,37.35612237,126.7251312
S090002745,석호초등학교,37.30123685,126.8483132
S090002746,선부초등학교,37.33822777,126.8140941
S090002747,선일초등학교,37.34008816,126.7998025
S090002749,성안초등학교,37.30482509,126.8538634
S090002750,성포초등학교,37.32434569,126.8426789
S090002751,소래초등학교,37.44261531,126.7846566
S090002752,송운초등학교,37.36014051,126.7301455
S090002753,송호초등학교,37.31152906,126.8352381
S090002755,슬기초등학교,37.30554378,126.8258512
S090002756,시곡초등학교,37.28905552,126.8524523
S090002757,시랑초등학교,37.33636627,126.8561381
S090002758,시화초등학교,37.33929505,126.7514775
S090002759,시흥매화초등학교,37.41634831,126.8078869
S090002760,시흥신일초등학교,37.43309074,126.7915179
S090002761,시흥은행초등학교,37.44258628,126.8007227
S090002762,시흥초등학교,37.35193371,126.7320864
S090002764,신천초등학교,37.43514236,126.783407
S090002765,안산광덕초등학교,37.33306674,126.8437415
S090002766,안산부곡초등학교,37.32919304,126.8604687
S090002767,안산서초등학교,37.33096674,126.8001715
S090002768,안산석수초등학교,37.34481728,126.8059626
S090002769,안산양지초등학교,37.30484259,126.8345809
S090002770,안산원곡초등학교,37.3282411,126.7960898
S090002771,안산중앙초등학교,37.32172574,126.8373946
S090002772,안산초등학교,37.36495969,126.8781241
S090002773,안산화정초등학교,37.34595787,126.8173868
S090002774,연성초등학교,37.38797529,126.8183205
S090002775,옥터초등학교,37.34508074,126.6924422
S090002776,와동초등학교,37.33681697,126.831118
S090002778,원일초등학교,37.33279915,126.8041492
S090002779,은계초등학교,37.44756188,126.7978235
S090002780,이호초등학교,37.28699826,126.8609672
S090002781,장곡초등학교,37.3814009,126.7819636
S090002782,정왕초등학교,37.34097209,126.743227
S090002783,정재초등학교,37.33848608,126.8648857
S090002784,정지초등학교,37.34159982,126.8112705
S090002786,진말초등학교,37.38051877,126.7881466
S090002787,초당초등학교,37.28528789,126.8503842
S090002788,초지초등학교,37.31267996,126.8142307
S090002789,포리초등학교,37.40570864,126.7711923
S090002790,하중초등학교,37.39320804,126.8071006
S090002791,함현초등학교,37.36530111,126.7377918
S090002792,호동초등학교,37.31261017,126.8652987
S090002793,화랑초등학교,37.33117975,126.8179858
S090002927,개산초등학교,36.98447505,127.3020178
S090002928,개정초등학교,36.96072459,127.1886537
S090002929,고삼초등학교,37.08269616,127.2645138
S090002931,공도초등학교,36.99999877,127.1674695
S090002933,광덕초등학교,37.00105866,127.2214077
S090002934,광선초등학교,37.00816635,127.4331392
S090002935,금광초등학교,36.99992265,127.3242787
S090002936,금광초등학교조령분교장,37.00114677,127.3578924
S090002937,내혜홀초등학교,37.00628941,127.2653197
S090002938,대덕초등학교,37.02739146,127.2448782
S090002940,동신초등학교,37.0122736,127.3047367
S090002941,마전초등학교,37.03070745,127.3413202
S090002942,명덕초등학교,37.0507111,127.2626765
S090002943,문기초등학교,37.00759866,127.1935952
S090002944,미곡초등학교,37.11067536,127.245032
S090002945,미양초등학교,36.97502193,127.2127599
S090002947,백성초등학교,37.00547351,127.2519747
S090002948,보개초등학교,37.06022412,127.2958052
S090002949,보체초등학교,36.9739663,127.2383297
S090002950,비룡초등학교,37.01502455,127.2628264
S090002951,산평초등학교,36.91995315,127.2614748
S090002952,삼죽초등학교,37.07645645,127.3744669
S090002954,서운초등학교,36.94646272,127.2549898
S090002956,안성초등학교,37.0122701,127.2725354
S090002957,양성초등학교,37.06212187,127.1958377
S090002959,양진초등학교,36.98928184,127.1404236
S090002960,용머리초등학교,37.00273703,127.1583693
S090002961,원곡초등학교,37.04184047,127.127739
S090002963,일죽초등학교,37.09165258,127.481714
S090002967,죽산초등학교,37.07847725,127.4211898
S090002968,죽화초등학교,37.10774589,127.4582669
S090002969,현매초등학교,36.93595743,127.2300443
S090003042,과천초등학교,37.43687633,126.9937959
S090003043,관문초등학교,37.43424093,127.0011545
S090003044,관양초등학교,37.4067103,126.9602277
S090003045,귀인초등학교,37.38674525,126.9659381
S090003046,달안초등학교,37.39460528,126.9500874
S090003047,덕천초등학교,37.39206378,126.9359049
S090003049,동안초등학교,37.38951934,126.9649077
S090003050,만안초등학교,37.40664496,126.9167372
S090003051,명학초등학교,37.37997664,126.9344732
S090003052,문원초등학교,37.4240169,126.9950274
S090003053,민백초등학교,37.38651687,126.9700228
S090003054,박달초등학교,37.4007784,126.9027858
S090003055,벌말초등학교,37.39383705,126.9808953
S090003056,범계초등학교,37.38751871,126.9537811
S090003057,부림초등학교,37.40034812,126.9600173
S090003060,비산초등학교,37.40526069,126.943703
S090003061,삼봉초등학교,37.40297685,126.8991863
S090003062,삼성초등학교,37.4195128,126.9119847
S090003063,석수초등학교,37.40610427,126.9007563
S090003065,신안초등학교,37.38960225,126.9148624
S090003066,안양관악초등학교,37.40664855,126.9681914
S090003067,안양남초등학교,37.37987549,126.9685686
S090003068,안양덕현초등학교,37.37549471,126.9623993
S090003069,안양동초등학교,37.4074453,126.9359047
S090003070,안양부안초등학교,37.3983563,126.9542396
S090003071,안양부흥초등학교,37.3947605,126.9465091
S090003072,안양서초등학교,37.39696022,126.911039
S090003073,안양신기초등학교,37.3816429,126.9569687
S090003074,안양양지초등학교,37.39224518,126.9045522
S090003075,안양중앙초등학교,37.39553138,126.9377855
S090003076,안양초등학교,37.39417913,126.9279515
S090003077,안일초등학교,37.40408484,126.9223567
S090003079,연현초등학교,37.4252211,126.9025062
S090003080,인덕원초등학교,37.39728426,126.9797534
S090003082,청계초등학교,37.43147178,126.9963233
S090003083,평촌초등학교,37.38839468,126.9604635
S090003084,호계초등학교,37.38427093,126.9501232
S090003085,호성초등학교,37.36625525,126.9630267
S090003086,호원초등학교,37.37505948,126.9531928
S090003088,희성초등학교,37.39836601,126.9487102
S090003216,강상초등학교,37.4739284,127.479829
S090003217,강하초등학교,37.4965551,127.4098739
S090003218,개군초등학교,37.42795398,127.5343465
S090003220,곡수초등학교,37.41848722,127.6113777
S090003223,다문초등학교,37.48585466,127.5915311
S090003230,대아초등학교,37.52789082,127.4156006
S090003240,서종초등학교,37.60910196,127.3481944
S090003244,세월초등학교,37.43605381,127.4951126
S090003245,수입초등학교,37.64453129,127.37574
S090003247,양동초등학교,37.43070341,127.7498853
S090003248,양동초등학교고송분교장,37.48641096,127.7005221
S090003251,양서초등학교,37.51289742,127.3822247
S090003252,양수초등학교,37.54473436,127.3256681
S090003253,양평단월초등학교,37.53960825,127.6728384
S090003255,양평동초등학교,37.48822139,127.5071031
S090003257,양평초등학교,37.49302359,127.4861938
S090003259,옥천초등학교,37.5195581,127.4593942
S090003261,용문초등학교,37.50983973,127.6328251
S090003262,원덕초등학교,37.46805411,127.54284
S090003267,조현초등학교,37.52272731,127.6160008
S090003268,지평초등학교,37.47584497,127.6380388
S090003270,청운초등학교,37.55457051,127.713771
S090003326,가남초등학교,37.20528811,127.5475999
S090003328,강천초등학교,37.26902312,127.7204304
S090003333,금당초등학교,37.19676315,127.6054844
S090003335,능북초등학교,37.33330782,127.5914867
S090003336,능서초등학교,37.29810662,127.5720938
S090003338,대신초등학교,37.37521136,127.5873167
S090003340,매류초등학교,37.27384544,127.557554
S090003341,문장초등학교,37.36126511,127.5124909
S090003342,북내초등학교,37.32941704,127.6806122
S090003343,북내초등학교도전분교장,37.33721014,127.7511112
S090003346,상품초등학교,37.40533485,127.4450137
S090003348,송삼초등학교,37.17646533,127.6339597
S090003349,송촌초등학교,37.4117204,127.5690748
S090003351,여주초등학교,37.29870175,127.6359788
S090003352,여흥초등학교,37.29320528,127.6432887
S090003353,연라초등학교,37.27733048,127.6114685
S090003354,오산초등학교,37.23879824,127.5590727
S090003355,오학초등학교,37.31241232,127.6478987
S090003358,이포초등학교,37.38909566,127.5298321
S090003359,이포초등학교하호분교장,37.40585877,127.5012612
S090003360,점동초등학교,37.2042595,127.6630001
S090003363,점봉초등학교,37.25674291,127.6446388
S090003365,천남초등학교,37.3458497,127.6313952
S090003368,흥천초등학교,37.3328062,127.5413066
S090003414,군남초등학교,38.06789694,127.0155896
S090003417,궁평초등학교,38.02807757,127.1045649
S090003419,대광초등학교,38.1830174,127.1053152
S090003423,백의초등학교,38.02329181,127.1365157
S090003424,백학초등학교,38.03160096,126.9215468
S090003426,상리초등학교,38.13537908,127.0751156
S090003428,연천노곡초등학교,37.99901576,126.9166642
S090003429,연천왕산초등학교,38.05625632,127.0110148
S090003431,연천초등학교,38.09770924,127.0753111
S090003437,은대초등학교,38.0526852,127.0604053
S090003438,전곡초등학교,38.0277842,127.0719609
S090003441,초성초등학교,37.99816515,127.0736834
S090003442,화진초등학교,38.0306148,127.0402975
S090003495,고기초등학교,37.35884705,127.066072
S090003496,고림초등학교,37.24741981,127.2270745
S090003497,관곡초등학교,37.28322495,127.1137416
S090003498,구갈초등학교,37.27794262,127.1119291
S090003499,구성초등학교,37.2956668,127.1153666
S090003500,기흥초등학교,37.23191888,127.1098018
S090003501,남곡초등학교,37.15778228,127.174721
S090003502,남사초등학교,37.11359845,127.1485887
S090003504,남촌초등학교,37.10155426,127.1376105
S090003505,능원초등학교,37.34319393,127.1738263
S090003506,용인대일초등학교,37.32801071,127.1189891
S090003507,대지초등학교,37.33017106,127.1160431
S090003508,대현초등학교,37.33359249,127.106521
S090003509,동천초등학교,37.34461156,127.0933932
S090003511,마북초등학교,37.30281997,127.1100435
S090003512,마성초등학교,37.29743042,127.1131933
S090003513,용인심곡초등학교,37.30901803,127.0789331
S090003514,모현초등학교,37.34347639,127.2284867
S090003515,백봉초등학교,37.13797647,127.399982
S090003516,백암초등학교,37.16414573,127.36749
S090003517,백암초등학교수정분교장,37.18619793,127.360458
S090003518,보라초등학교,37.2639581,127.1072221
S090003519,보정초등학교,37.30910418,127.110789
S090003520,산양초등학교,37.28379756,127.108588
S090003521,상갈초등학교,37.26425129,127.1109979
S090003522,상하초등학교,37.25702806,127.1405398
S090003523,상현초등학교,37.30882494,127.089682
S090003524,서룡초등학교,37.23811035,127.1870731
S090003525,서원초등학교,37.30375053,127.0785606
S090003526,서천초등학교,37.24305253,127.0721596
S090003527,성복초등학교,37.31954195,127.0781599
S090003528,소현초등학교,37.30192517,127.0924337
S090003529,솔개초등학교,37.30579885,127.0817295
S090003530,송전초등학교,37.1408151,127.1986336
S090003532,수지초등학교,37.3167412,127.085295
S090003534,신갈초등학교,37.27380452,127.1067493
S090003535,신월초등학교,37.32052608,127.0927176
S090003536,양지초등학교,37.23708312,127.2844906
S090003537,어정초등학교,37.27695642,127.1474013
S090003539,언동초등학교,37.29536064,127.131593
S090003540,역북초등학교,37.23457297,127.1924469
S090003541,왕산초등학교,37.33532653,127.2506285
S090003542,용마초등학교,37.23706584,127.2148977
S090003543,용인둔전초등학교,37.26873077,127.2252393
S090003544,용인초등학교,37.23856867,127.2052126
S090003545,용천초등학교,37.19185075,127.2084179
S090003546,운학초등학교,37.20278722,127.2466709
S090003547,원삼초등학교,37.16355642,127.3161379
S090003550,이현초등학교,37.31029508,127.0931044
S090003551,장평초등학교,37.11907332,127.3776064
S090003552,정평초등학교,37.32083142,127.0885087
S090003553,제일초등학교,37.24280483,127.3135289
S090003554,좌항초등학교,37.20182797,127.3203483
S090003555,죽전초등학교,37.33374032,127.1103872
S090003556,청곡초등학교,37.2674933,127.0933821
S090003558,토월초등학교,37.32522741,127.0915836
S090003559,포곡초등학교,37.28217962,127.2202404
S090003560,풍덕초등학교,37.33007411,127.0952528
S090003561,풍천초등학교,37.31616174,127.0955107
S090003562,한터초등학교,37.26199118,127.2682539
S090003563,홍천초등학교,37.32663648,127.0798022
S090003656,가능초등학교,37.74648346,127.0358337
S090003657,경의초등학교,37.73419501,127.0511033
S090003658,고산초등학교,37.72628835,127.1070433
S090003659,금오초등학교,37.75607169,127.0658327
S090003660,녹양초등학교,37.76328558,127.0370684
S090003661,동오초등학교,37.74456302,127.0584382
S090003662,민락초등학교,37.74217783,127.0948302
S090003663,발곡초등학교,37.7272431,127.0724604
S090003664,배영초등학교,37.74819416,127.0465848
S090003665,새말초등학교,37.74638672,127.0691577
S090003666,솔뫼초등학교,37.73136881,127.0810565
S090003667,송양초등학교,37.7531883,127.1121565
S090003669,신동초등학교,37.74012262,127.0552263
S090003670,어룡초등학교,37.74781123,127.0826215
S090003671,오동초등학교,37.74300357,127.0905799
S090003673,의순초등학교,37.75108915,127.0660036
S090003674,의정부부용초등학교,37.73616531,127.0905013
S090003675,의정부서초등학교,37.74123889,127.0387878
S090003676,의정부신곡초등학교,37.74116755,127.0598453
S090003677,의정부용현초등학교,37.73895165,127.0872306
S090003678,의정부장암초등학교,37.72563883,127.0592392
S090003679,의정부중앙초등학교,37.7450791,127.0469421
S090003680,의정부청룡초등학교,37.73301508,127.0553494
S090003681,의정부초등학교,37.73474849,127.0602214
S090003682,의정부호동초등학교,37.72997972,127.0427388
S090003685,호암초등학교,37.70521856,127.0460901
S090003686,회룡초등학교,37.71538947,127.044923
S090003758,나래초등학교,37.16993358,127.5877142
S090003760,대서초등학교,37.11354197,127.5759676
S090003762,대월초등학교,37.22373608,127.4928014
S090003763,도암초등학교,37.31859142,127.4427741
S090003764,도지초등학교,37.3084025,127.4823129
S090003766,마장초등학교,37.25357602,127.3559125
S090003772,백사초등학교,37.33888982,127.4905347
S090003774,부발초등학교,37.28663947,127.4887438
S090003776,설봉초등학교,37.28479642,127.4524983
S090003777,설성초등학교,37.11011075,127.537424
S090003778,송곡초등학교,37.15240669,127.4839209
S090003779,신둔초등학교,37.31028246,127.4035285
S090003780,신하초등학교,37.26109025,127.4792851
S090003781,아미초등학교,37.25826085,127.4908671
S090003782,안흥초등학교,37.28024391,127.4560778
S090003784,율면초등학교,37.08769127,127.5425144
S090003786,이천가산초등학교,37.24160247,127.5178501
S090003787,이천남초등학교,37.2769754,127.4436576
S090003788,이천단월초등학교,37.22700347,127.4522059
S090003789,이천매곡초등학교,37.21483213,127.3944149
S090003790,이천송정초등학교,37.29416287,127.4333897
S090003791,이천초등학교,37.28401029,127.4422895
S090003792,이황초등학교,37.14561016,127.5877241
S090003793,장천초등학교,37.14575302,127.5283281
S090003794,장호원초등학교,37.11558427,127.6281309
S090003795,진가초등학교,37.17475248,127.479209
S090003798,표교초등학교,37.25673911,127.4058981
S090003799,한내초등학교,37.29041031,127.4615027
S090003800,호법초등학교,37.22452827,127.4264713
S090003876,갈현초등학교,37.77206767,126.7168235
S090003877,검산초등학교,37.77641218,126.7386514
S090003878,교하초등학교,37.75372445,126.7470599
S090003879,군내초등학교,37.90568684,126.7311336
S090003881,금신초등학교,37.76835904,126.770271
S090003882,금촌초등학교,37.76204178,126.7697527
S090003883,능안초등학교,37.74036109,126.7926212
S090003884,대성동초등학교,37.94386756,126.6804818
S090003885,덕암초등학교,37.76533187,126.8194822
S090003886,마정초등학교,37.892258,126.7600994
S090003887,마지초등학교,37.95209235,126.9197386
S090003888,도마산초등학교,37.80192775,126.8760128
S090003889,문산동초등학교,37.86563027,126.7981372
S090003890,문산초등학교,37.86078522,126.7831685
S090003892,봉일천초등학교,37.74502843,126.8073348
S090003893,삼성초등학교,37.82561708,126.7327566
S090003894,신산초등학교,37.78060216,126.8523159
S090003896,심학초등학교,37.70804653,126.7033102
S090003897,연풍초등학교,37.83104878,126.8348599
S090003898,영도초등학교,37.78747992,126.8037361
S090003900,용미초등학교,37.74345643,126.8880587
S090003901,용연초등학교,37.92894597,126.8575502
S090003903,웅담초등학교,37.9142217,126.8957052
S090003904,월롱초등학교,37.80089587,126.780323
S090003905,장파초등학교,37.9413673,126.837545
S090003906,적서초등학교,37.95104368,126.8969827
S090003908,적암초등학교,37.98780842,127.0039182
S090003909,지산초등학교,37.73092345,126.7615175
S090003911,천현초등학교,37.84977666,126.8784019
S090003913,청석초등학교,37.73090226,126.7195884
S090003914,청암초등학교,37.73076255,126.7378966
S090003915,탄현초등학교,37.80327877,126.7174121
S090003916,통일초등학교,37.77487915,126.703646
S090003917,파양초등학교,37.86146392,126.8367197
S090003919,파주대원초등학교,37.7273473,126.8196844
S090003920,파주송화초등학교,37.77459686,126.7792304
S090003921,파주와동초등학교,37.72649445,126.756745
S090003922,파주초등학교,37.83214767,126.8159558
S090003923,파평초등학교,37.90360997,126.8380523
S090004009,가사초등학교,36.93849441,126.9171847
S090004010,갈곶초등학교,37.12562853,127.072031
S090004011,계성초등학교,36.94241634,127.0082854
S090004013,고덕초등학교,37.04111167,127.0288105
S090004015,군문초등학교,36.98774621,127.0851541
S090004017,내기초등학교,36.9796483,126.8724451
S090004022,덕동초등학교,36.99763117,127.1072893
S090004023,동삭초등학교,37.0186092,127.0968585
S090004024,복창초등학교,37.07122473,127.0503031
S090004025,부용초등학교,36.966247,127.0590977
S090004027,비전초등학교,37.00159007,127.0907771
S090004029,삼덕초등학교,37.03955035,126.9118343
S090004030,서정리초등학교,37.05836093,127.0581637
S090004031,서탄초등학교,37.1073282,127.0361394
S090004033,서탄초등학교내수분교장,37.11936703,127.0159419
S090004035,세교초등학교,37.00212071,127.0831756
S090004036,소사벌초등학교,36.99531759,127.116892
S090004037,송북초등학교,37.08049348,127.0666324
S090004038,송신초등학교,37.07519037,127.0521302
S090004039,송일초등학교,37.06276469,127.0595666
S090004040,송탄초등학교,37.04228758,127.0870904
S090004042,안중초등학교,36.98964453,126.9260167
S090004043,어연초등학교,37.04885888,126.9773922
S090004044,오성초등학교,37.00824384,126.9786058
S090004045,원정초등학교,36.99402826,126.8416452
S090004046,이충초등학교,37.06329722,127.0670071
S090004047,종덕초등학교,37.05294406,127.0462775
S090004049,죽백초등학교,37.01362689,127.1375227
S090004052,지장초등학교,37.0680549,127.0575782
S090004053,진위초등학교,37.10066411,127.0899589
S090004054,진위초등학교산대분교장,37.08401577,127.1211641
S090004055,창신초등학교,37.00430891,127.0067541
S090004056,청북초등학교,37.04319052,126.9351869
S090004057,팽성초등학교,36.95068718,127.0517616
S090004058,평일초등학교,36.98937529,127.1070709
S090004059,평택성동초등학교,36.99536292,127.0933789
S090004060,평택중앙초등학교,37.00227268,127.0780535
S090004061,평택지산초등학교,37.07730692,127.0620077
S090004062,평택초등학교,36.98945615,127.0813739
S090004063,합정초등학교,36.98938026,127.0977377
S090004064,현덕초등학교,36.96525495,126.9219431
S090004065,현덕초등학교광덕분교장,36.9441357,126.9440341
S090004066,현화초등학교,36.98236685,126.9189136
S090004067,홍원초등학교,37.01431327,126.8895143
S090004068,효덕초등학교,37.01670942,127.0355926
S090004176,가산초등학교,37.84722928,127.1862107
S090004177,관인초등학교,38.15606601,127.2497002
S090004180,내촌초등학교,37.78700214,127.22971
S090004183,도평초등학교,38.05601997,127.3805262
S090004189,선단초등학교,37.86117593,127.1558693
S090004190,송우초등학교,37.8291135,127.1442427
S090004191,신북초등학교,37.93839548,127.2194084
S090004193,영북초등학교,38.08986492,127.2758792
S090004198,왕방초등학교,37.9042268,127.2016644
S090004199,외북초등학교,37.94691178,127.1873126
S090004200,운담초등학교,37.9711934,127.3291214
S090004201,유암초등학교,37.868243,127.1922366
S090004202,이곡초등학교,37.77800099,127.1484028
S090004203,이동초등학교,38.02997863,127.3681896
S090004204,일동초등학교,37.95527551,127.3151553
S090004205,정교초등학교,37.81599948,127.1698954
S090004208,지현초등학교,37.92906522,127.2654578
S090004209,창수초등학교,37.98985608,127.181701
S090004210,청성초등학교,37.87467899,127.2233735
S090004211,추산초등학교,37.82576436,127.1371878
S090004212,축석초등학교,37.78841208,127.1220876
S090004213,포천노곡초등학교,38.00793427,127.3361721
S090004214,포천삼정초등학교,37.96357368,127.1307144
S090004215,포천초등학교,37.89648434,127.1984743
S090004216,화현초등학교,37.90245413,127.2839615
S090004282,갈담초등학교,37.1750024981,126.932909
S090004283,갈천초등학교,37.12724576,126.9804858
S090004284,고정초등학교,37.2381396766,126.7382914653
S090004286,광성초등학교,37.18414545,127.0397103
S090004287,기안초등학교,37.22536277,126.9821274
S090004288,남양초등학교,37.210277818,126.815120679
S090004289,노진초등학교,37.0514252332,126.8089486922
S090004292,동탄초등학교,37.18903472,127.0911507
S090004294,동학초등학교,37.23308253,127.0594727
S090004296,마도초등학교,37.2038781301,126.7732784943
S090004297,마산초등학교,37.2315045086,126.6926189991
S090004301,매홀초등학교,37.1627718,127.0632836
S090004302,삼미초등학교,37.19135584,127.0602681
S090004304,발안초등학교,37.130370944,126.9118507088
S090004305,병점초등학교,37.2099109515,127.0348963224
S090004306,봉담초등학교,37.22280569,126.9473597
S090004308,비봉초등학교,37.2367860204,126.8695160517
S090004310,사창초등학교,37.09200273,126.9730915
S090004312,상신초등학교,37.09909078,126.8983829
S090004313,서신초등학교,37.1695661126,126.707298514
S090004315,석천초등학교,37.0549689547,126.7888978201
S090004317,성산초등학교,37.1504447,127.0670421
S090004318,성호초등학교,37.15047668,127.0709442
S090004319,송라초등학교,37.27306194,126.8886245
S090004320,송산초등학교,37.214340419,126.7327100174
S090004321,송화초등학교,37.2020661613,127.0402915454
S090004322,수기초등학교,37.2017361434,126.9800268268
S090004324,양감초등학교,37.0809277186,126.951662
S090004325,오산초등학교,37.14515751,127.0501638
S090004326,우정초등학교,37.081424302,126.8007091418
S090004328,운산초등학교,37.15261684,127.077532
S090004329,운암초등학교,37.14385503,127.0762024
S090004330,운천초등학교,37.15595103,127.0797631
S090004331,원동초등학교,37.13552905,127.0697217
S090004333,장명초등학교,37.0562352322,126.8524311928
S090004336,정남초등학교,37.1675572276,126.984890366
S090004337,정림초등학교,37.1530421,127.0116502
S090004340,청룡초등학교,37.2012425172,126.8888177219
S090004341,청원초등학교,37.1880720263,126.7617041041
S090004344,팔탄초등학교,37.1593633969,126.9024567558
S090004345,팔탄초등학교대방분교장,37.1615148278,126.870326171
S090004347,해운초등학교,37.14005466,126.7037872
S090004348,향남초등학교,37.1198358961,126.943112781
S090004349,화남초등학교,37.1637073239,127.0960756
S090004350,화산초등학교,37.2103814347,127.0140222917
S090004351,화성매송초등학교,37.24980641,126.9282436
S090004352,화성월문초등학교,37.1181400934,126.8727703054
S090004353,화성장안초등학교,37.0855710015,126.8241561958
S090004354,화성초등학교,37.16477164,127.0691917
S090004356,화성화수초등학교,37.1086954042,126.7971818471
S090004358,활초초등학교,37.1786215621,126.8257205869
S090004797,교동초등학교,37.29997921,127.1224865
S090004804,나곡초등학교,37.25377554,127.1189348
S090004824,석천초등학교,37.51051129,126.7522971
S090004836,효자초등학교,37.31735232,127.0673443
S090004841,늘푸른초등학교,37.35833354,127.1056708
S090004842,의정부호원초등학교,37.72207145,127.0412021
S090004843,부천일신초등학교,37.47362374,126.8070012
S090004844,솔안초등학교,37.4857014,126.7508603
S090004845,동두천신천초등학교,37.89425934,127.047758
S090004846,동두천송내초등학교,37.88614275,127.0525334
S090004847,안산진흥초등학교,37.31248107,126.8223093
S090004848,학현초등학교,37.31061715,126.8469052
S090004849,시흥도원초등학교,37.4401141,126.7779868
S090004850,시흥월곶초등학교,37.39176682,126.7373388
S090004851,시흥장현초등학교,37.38175778,126.7991022
S090004852,당동초등학교,37.34593756,126.939499
S090004853,당정초등학교,37.34657104,126.9547784
S090004854,제암초등학교,37.13115334,126.9021135
S090004855,오산대원초등학교,37.13055379,127.0711928
S090004856,동패초등학교,37.7124276,126.7344903
S090004857,고양관산초등학교,37.69212325,126.8665469
S090004858,고양한내초등학교,37.66870419,126.7354821
S090004859,한뫼초등학교,37.68657933,126.7667049
S090004881,임진초등학교,37.85477487,126.784691
S090004891,지석초등학교,37.27004892,127.1390138
S090004892,옥산초등학교,37.50311738,126.779428
S090004940,증포초등학교,37.29419851,127.457137
S090004941,양벌초등학교,37.37946278,127.2561851
S090004942,광주도평초등학교,37.39642361,127.2893901
S090004946,성남정자초등학교,37.37451655,127.1049139
S090004953,지곡초등학교,37.2521849,127.1382088
S090004954,언남초등학교,37.28975883,127.1195878
S090004955,용인이동초등학교,37.19084078,127.203512
S090004958,현암초등학교,37.32881299,127.1247627
S090004960,독정초등학교,37.31886937,127.1162756
S090004961,용인대덕초등학교,37.33681391,127.1259149
S090004962,신리초등학교,37.32235846,127.0808227
S090004963,손곡초등학교,37.33686539,127.0950036
S090004964,갈곡초등학교,37.2712833,127.1332521
S090004965,성지초등학교,37.27496793,127.1286049
S090004966,삼가초등학교,37.23671162,127.170492
S090004967,용인성산초등학교,37.25866039,127.2158043
S090004978,용인신촌초등학교,37.32314253,127.1136656
S090004980,금화초등학교,37.75504144,126.767654
S090004981,금릉초등학교,37.75255753,126.7728093
S090004998,신봉초등학교,37.83206784,127.1392119
S090005003,수일초등학교,37.31086106,127.0008865
S090005004,입북초등학교,37.29451623,126.9601632
S090005005,대선초등학교,37.24194618,127.0646545
S090005006,수원매화초등학교,37.27457739,127.0406845
S090005007,팔달초등학교,37.279481,127.0357442
S090005008,성남양지초등학교,37.45921737,127.1608837
S090005009,샘모루초등학교,37.3996207,126.9408353
S090005010,화창초등학교,37.41212653,126.9035094
S090005011,부천송일초등학교,37.48301536,126.7624605
S090005012,이담초등학교,37.8896635,127.0508239
S090005013,구봉초등학교,37.2055648692,127.0449176588
S090005014,기산초등학교,37.22460078,127.0507334
S090005015,안화초등학교,37.2126026078,127.0472161163
S090005016,진안초등학교,37.21700472,127.040545
S090005017,태안초등학교,37.21065951,127.0408656
S090005018,화성벌말초등학교,37.2024831646,127.0378857995
S090005019,대호초등학교,37.15912882,127.0578369
S090005023,덕계초등학교,37.82302548,127.0474801
S090005024,안산호원초등학교,37.30264932,126.8184887
S090005025,웃터골초등학교,37.43968236,126.7992598
S090005026,남양주신촌초등학교,37.64550428,127.2398805
S090005027,장내초등학교,37.64109014,127.2348507
S090005028,판곡초등학교,37.6601779,127.2417486
S090005029,평동초등학교,37.65461996,127.247687
S090005030,금향초등학교,37.75251184,126.7767807
S090005031,목암초등학교,37.71418948,126.90466
S090005032,김포신풍초등학교,37.61274107,126.7265736
S090005036,대청초등학교,37.33412825,127.1290495
S090005037,용인신릉초등학교,37.29026142,127.1147273
S090005041,신일초등학교,37.32928881,127.0776935
S090005042,안양호암초등학교,37.42090452,126.9164018
S090005043,나눔초등학교,37.39057608,126.9755501
S090005129,의정부효자초등학교,37.75027839,127.0779303
S090005130,동암초등학교,37.72314428,127.0542833
S090005131,버들개초등학교,37.761967,127.0295061
S090005138,부천양지초등학교,37.48059692,126.815527
S090005139,삼숭초등학교,37.79671054,127.1081899
S090005141,평택송화초등학교,36.96294275,127.0569797
S090005142,장당초등학교,37.05011502,127.0576496
S090005145,사능초등학교,37.65542076,127.1840123
S090005146,남양주백봉초등학교,37.64343388,127.2424118
S090005147,양오초등학교,37.69759593,127.192346
S090005152,신평초등학교,37.54424461,127.2151286
S090005154,새금초등학교,37.74819426,126.7729114
S090005155,석곶초등학교,37.72519201,126.7217544
S090005179,효탑초등학교,37.26654167,126.9759378
S090005181,상미초등학교,37.49471207,126.7445653
S090005182,광숭초등학교,37.80154348,127.1073899
S090005183,평택안일초등학교,36.98287497,126.9243945
S090005184,현일초등학교,36.98611217,126.919873
S090005185,어람초등학교,37.68248891,127.2131022
S090005186,세종초등학교,37.2797981,127.6338262
S090005187,동양초등학교,37.2066473844,126.8223364637
S090005188,배양초등학교,37.2185928768,126.989336935
S090005269,안산청석초등학교,37.2947151,126.8181022
S090005270,팔곡초등학교,37.29695945,126.8826412
S090005288,태봉초등학교,37.83436899,127.1450133
S090005294,안산창촌초등학교,37.30743877,126.9047029
S090005295,안산해양초등학교,37.29452082,126.82377
S090005313,동산초등학교,37.53145027,126.7851807
S090005324,동막초등학교,37.28608046,127.1555391
S090005325,석성초등학교,37.2703565,127.1580707
S090005330,동백초등학교,37.28055206,127.1563675
S090005332,용인백현초등학교,37.28315855,127.1623938
S090005334,서평초등학교,37.26867712,126.9970853
S090005337,오현초등학교,37.24654131,126.9684672
S090005341,가좌초등학교,37.6884818,126.7213641
S090005344,도둔초등학교,37.81379622,127.0576531
S090005357,평택도곡초등학교,36.98892556,126.8480738
S090005363,안녕초등학교,37.2056837455,127.0088676986
S090005366,가수초등학교,37.1481039,127.0479561
S090005369,두일초등학교,37.72010113,126.7136092
S090005372,수청초등학교,37.17084729,127.0554738
S090005373,와석초등학교,37.71047466,126.753037
S090005375,통진초등학교,37.69388578,126.5944372
S090005393,다솜초등학교,37.67250709,126.7965778
S090005395,덕인초등학교,37.34021794,126.8242784
S090005397,문발초등학교,37.72616724,126.7069654
S090005402,소안초등학교,37.47237615,126.804222
S090005404,신지초등학교,37.78831149,126.9901962
S090005406,오산원당초등학교,37.14226351,127.0909242
S090005408,월포초등학교,37.3874767,126.7428279
S090005411,풍동초등학교,37.66951599,126.8025233
S090005412,학동초등학교,37.2053783356,127.0658928139
S090005471,화성금곡초등학교,37.19863407,127.0662175
S090005472,반지초등학교,37.05791943,127.0695329
S090005474,석우초등학교,37.2090981524,127.0680709743
S090005476,오산원일초등학교,37.13920296,127.0716949
S090005478,용인한일초등학교,37.24332154,127.1069279
S090005480,나산초등학교,37.25030665,127.1093855
S090005487,와우초등학교,37.2202284026,126.9721013923
S090005494,예봉초등학교,37.59204603,127.2209856
S090005495,주원초등학교,37.83553577,127.0728956
S090005496,하늘초등학교,37.67735902,126.7898583
S090005588,동화초등학교,37.21532013,126.9613628
S090005589,반석초등학교,37.1936879,127.0782132381
S090005591,상봉초등학교,37.2180182653,126.9547323937
S090005593,솔빛초등학교,37.1966888294,127.0737903
S090005594,오산고현초등학교,37.1334449,127.0851451
S090005595,율목초등학교,37.236577421,127.064482901
S090005597,반송초등학교,37.19076668,127.0702303543
S090005603,성곡초등학교,37.5129789,126.8056547
S090005607,모당초등학교,37.67953059,126.7807721
S090005610,청덕초등학교,37.29439648,127.1492572
S090005612,시흥능곡초등학교,37.36529596,126.812929
S090005617,장기초등학교,37.64245358,126.6644771
S090005621,도촌초등학교,37.41472797,127.1580222
S090005627,군포대야초등학교,37.32933757,126.915235
S090005628,모락초등학교,37.35869385,126.9734963
S090005644,능동초등학교,37.213143805,127.058872
S090005645,도이초등학교,37.1325090368,126.9261309
S090005646,수영초등학교,37.23617759,126.9542831
S090005647,예당초등학교,37.2103605128,127.0754050556
S090005648,중동초등학교,37.49002712,126.7693697
S090005649,푸른초등학교,37.2021612091,127.0552901
S090005650,한마음초등학교,37.2084818064,127.0561807588
S090005651,한울초등학교,37.1267273558,126.9177900985
S090005652,행정초등학교,37.1264193606,126.9237277965
S090005678,가운초등학교,37.60057,127.1558101
S090005680,송현초등학교,37.07252189,127.0671042
S090005682,신곡초등학교,37.59671156,126.7664388
S090005686,하남풍산초등학교,37.5543847,127.2013921
S090005687,아람초등학교,37.61945664,126.8504123
S090005688,안산대월초등학교,37.33582996,126.7873808
S090005690,신길초등학교,37.33574863,126.7803184
S090005692,성남송현초등학교,37.40545218,127.1163459
S090005693,매여울초등학교,37.27057611,127.0370179
S090005695,보평초등학교,37.39603837,127.1177564
S090005696,운중초등학교,37.39241921,127.0689381
S090005702,판교초등학교,37.38728227,127.0914433
S090005703,산운초등학교,37.38975272,127.079026
S090005705,구룡초등학교,37.65792043,127.2524873
S090005706,건원초등학교,37.60405868,127.1375785
S090005708,진접초등학교,37.71713977,127.1997562
S090005710,차산초등학교,37.63636634,127.3017247
S090005739,충현초등학교,37.43313872,126.8864833
S090005740,구름산초등학교,37.45298585,126.8841355
S090005742,걸포초등학교,37.63359202,126.7075547
S090005744,안현초등학교,37.47101395,126.867503
S090005747,문시초등학교,37.17428105,127.0452767
S090005748,공세초등학교,37.23901832,127.1164888
S090005750,용인한빛초등학교,37.33506501,127.0879351
S090005751,둔전제일초등학교,37.27402249,127.2191252
S090005763,양산초등학교,37.19721014,127.0321505
S090005765,용이초등학교,37.00008904,127.1467153
S090005771,내동초등학교,37.3895944,126.9797574
S090005773,석현초등학교,37.27278759,127.0830481
S090005774,흥덕초등학교,37.27236487,127.0716736
S090005780,남양주덕송초등학교,37.66927393,127.1159367
S090005784,별가람초등학교,37.6541801,127.1242259
S090005805,만송초등학교,37.79758552,127.0851619
S090005807,숲속초등학교,37.2058131443,127.060485
S090005809,승지초등학교,37.37238591,126.8127399
S090005816,세미초등학교,37.17448251,127.0643873
S090005818,필봉초등학교,37.17882611,127.0523788
S090005839,선행초등학교,37.25438485,127.0259805
S090005846,군포신기초등학교,37.33864487,126.9327812
S090005847,벌원초등학교,37.40944583,127.2368413
S090005848,빛가온초등학교,37.41261642,126.8814812
S090005852,해오름초등학교,37.41074576,126.9691932
S090005853,솔터초등학교,37.64120856,126.6343528
S090005854,자유초등학교,37.86553668,126.7865536
S090005855,한산초등학교,37.69594625,126.7532616
S090005856,백송초등학교,37.70180887,126.7535566
S090005860,만정초등학교,37.00694109,127.171735
S090005862,새빛초등학교,37.29889754,127.0726242
S090005864,서농초등학교,37.23913932,127.076329
S090005867,가온초등학교,37.72068103,126.7472802
S090005869,김포한가람초등학교,37.6477392,126.6218398
S090005873,보름초등학교,37.59470228,126.7625643
S090005874,예원초등학교,37.2108869558,127.0764005173
S090005879,광교초등학교,37.30387934,127.0458393
S090005882,이의초등학교,37.29307671,127.0756898
S090005883,가현초등학교,37.63807828,126.6740076
S090005885,푸른솔초등학교,37.65159348,126.6657793
S090005888,청옥초등학교,37.01891055,126.9118619
S090005894,수원중촌초등학교,37.27255378,126.9445494
S090005896,수원금호초등학교,37.26487765,126.9536054
S090005897,능실초등학교,37.25973449,126.9560546
S090005912,포일초등학교,37.39958138,126.9856366
S090005914,성남여수초등학교,37.41945097,127.1330812
S090005988,부평초등학교,37.73775026,127.2015067
S090006026,김포금빛초등학교,37.63541531,126.6793522
S090006028,고진초등학교,37.24732778,127.2184361
S090006030,은여울초등학교,37.63834911,126.6406443
S090006033,나비초등학교,37.64021544,126.6259953
S090006039,함박초등학교,37.23373509,127.1841126
S090006040,운유초등학교,37.64677596,126.6603858
S090006042,중일초등학교,37.28560757,127.1432335
S090006046,청수초등학교,37.65389615,126.6786971
S090006053,율빛초등학교,37.81426498,127.1023598
S090006055,회암초등학교,37.83503515,127.0869549
S090006058,율정초등학교,37.8280661,127.0960906
S090006061,옥정초등학교,37.82335053,127.0884163
S090006062,연푸른초등학교,37.81470052,127.087108
S090006063,옥빛초등학교,37.81458312,127.0932335
S090006065,옥정호수초등학교,37.82329418,127.0999516
S090006082,고산하늘초등학교,37.37404599,127.2293656
S090006083,고산별빛초등학교,37.37183381,127.2228583
S090006096,고양오금초등학교,37.66269202,126.8952556
S090006100,신현초등학교,37.35681906,127.1473061
S090006104,위례한빛초등학교,37.46576542,127.1470188
S090006107,위례푸른초등학교,37.47073159,127.1509587
S090006108,위례고운초등학교,37.47148964,127.1457743
S090006109,위례중앙초등학교,37.47189037,127.1358729
S090006112,한아람초등학교,37.38013538,127.2300546
S090006113,태성초등학교,37.38496543,127.2288622
S090006122,배곧초등학교,37.3758676,126.7291946
S090006123,배곧라온초등학교,37.37227235,126.7350516
S090006131,산현초등학교,37.37477092,126.8449948
S090006132,운흥초등학교,37.37274739,126.8526799
S090006133,조남초등학교,37.37902709,126.8592671
S090006152,생금초등학교,37.35038333,126.757624
S090006153,화원초등학교,37.11170675,126.9190641
S090006154,하길초등학교,37.11560646,126.9040759
S090006157,곡정초등학교,37.24086034,127.02569
S090006164,산내초등학교,37.7228508,126.7364788
S090006418,금암초등학교,37.17873483,127.0439479
S090006419,광사초등학교,37.79145616,127.0838384
S090006421,나룰초등학교,37.54855826,127.209193
S090006425,마송중앙초등학교,37.68935513,126.5936743
S090006431,부곡중앙초등학교,37.32314464,126.9411386
S090006432,서정초등학교,37.61434108,126.8488394
S090006433,성남화랑초등학교,37.39022385,127.1158892
S090006434,성서초등학교,37.32017186,127.0650769
S090006439,신백현초등학교,37.38757937,127.1117509
S090006440,신양초등학교,37.65570322,126.6338809
S090006443,양일초등학교,37.68534412,126.8136095
S090006445,용인신봉초등학교,37.32965706,127.068107
S090006446,운광초등학교,37.70970523,126.7409707
S090006449,이천사동초등학교,37.24158954,127.4874636
S090006452,주곡초등학교,37.72470084,127.2059678
S090006454,한가람초등학교,37.73207826,126.7560308
S090006455,한빛초등학교,37.71486343,126.7510296
S090006456,한얼초등학교,37.36623705,126.935606
S090006458,해솔초등학교,37.72666542,126.7473755
S090006459,화도초등학교,37.66323819,127.3080068
S090006460,화봉초등학교,37.71584179,127.1918707
S090006650,서경초등학교,37.21701887,127.0508398
S090006651,화성반월초등학교,37.22359053,127.0592312
S090006759,두창초등학교,37.15834601,127.342837
S090006770,고양동산초등학교,37.64638623,126.8865118
S090006771,자란초등학교,37.00341476,127.0998653
S090006773,수원가온초등학교,37.27549141,126.9364215
S090006774,다솔초등학교,37.30869676,126.987669
S090006775,하늘빛초등학교,37.65402774,126.6898224
S090006776,김포호수초등학교,37.64996167,126.6334464
S090006778,운정초등학교,37.70790306,126.753863
S090006799,의정부송산초등학교,37.74655622,127.1008814
S090006801,남양주월산초등학교,37.65400023,127.3404193
S090006802,해밀초등학교,37.71881988,127.1961737
S090006847,매봉초등학교,37.31003125,127.0733254
S090006913,미사초등학교,37.571288,127.1928073
S090006914,미사강변초등학교,37.57582425,127.1860041
S090006926,삼현초등학교,37.75138311,127.1158063
S090006930,동탄중앙초등학교,37.19928404,127.1112669
S090006931,화성청계초등학교,37.199192,127.1021055
S090006932,아인초등학교,37.20083859,127.1052936
S090006933,무봉초등학교,37.20298743,127.1168058
S090006935,예솔초등학교,37.19655044,127.1193973
S090006936,청목초등학교,37.19577115,127.1174309
S090006937,왕배초등학교,37.18017972,127.1135952
S090006940,호연초등학교,37.16277708,127.1046985
S090006942,방교초등학교,37.17326405,127.1015231
S090006945,서연초등학교,37.15976339,127.1137726
S090006946,영천초등학교,37.20570766,127.1045574
S090006947,한백초등학교,37.20836252,127.1147183
S090006954,도래울초등학교,37.63173858,126.8705791
S090006970,한별초등학교,37.64648136,127.1159755
S090006971,남양주샛별초등학교,37.6660518,127.1293296
S090006972,정배초등학교,37.60302821,127.4232905
S090007038,위례초등학교,37.47713024,127.1494139
S090007039,미사중앙초등학교,37.5592925,127.1988697
S090007050,현촌초등학교,37.00056185,127.1319038
S090007111,어울초등학교,37.01660034,127.2238791
S090007116,옥길버들초등학교,37.46427185,126.8260095
S090007117,옥길산들초등학교,37.46254007,126.8164547
S090007135,샘말초등학교,37.27733692,127.0781839
S090007139,송린초등학교,37.27823129,126.8241504
S090007140,한율초등학교,37.18641561,127.1226079
S090007159,역동초등학교,37.39835953,127.2473611
S090007160,산마루초등학교,37.63163747,127.1201526
S090007161,평택이화초등학교,37.00356166,127.1082237
S090007162,윤슬초등학교,37.56367073,127.1825138
S090007163,한홀초등학교,37.55637026,127.1853152
S090007164,청아초등학교,37.55870172,127.1941911
S090007194,광교호수초등학교,37.2796927,127.0588273
S090007197,배곧한울초등학교,37.36012444,126.7126506
S090007217,다온초등학교,37.15193283,127.0908935
S090007226,배곧해솔초등학교,37.36028995,126.7181156
S090007230,망포초등학교,37.24065005,127.0470226
S090007235,용인한얼초등학교,37.27087893,127.1222004
S090007236,평택청아초등학교,37.02330019,126.9157083
S090007239,다산가람초등학교,37.61962828,127.1490891
S090007240,용죽초등학교,36.99506328,127.1240137
S090007241,동탄목동초등학교,37.18938961,127.1243164
S090007244,다원초등학교,37.21241845,127.1109577
S090007255,효행초등학교,37.21596526,126.9682075
S090007257,대양초등학교,37.20031947,126.8217315
S090007263,치동초등학교,37.20655283,127.0915676
S090007265,정현초등학교,37.17144705,127.1132706
S090007268,가내초등학교,37.00669873,127.1143615
S090007274,광주송정초등학교,37.42282314,127.2550722
S090007275,다산한강초등학교,37.59942956,127.1723793
S090007277,백운호수초등학교,37.37082314,127.0075011
S090007279,한류초등학교,37.66226794,126.7569581
S090007298,송안초등학교,37.31798939,126.9211924
S090007307,남양주다산초등학교,37.6267008,127.1586798
S090007310,세마초등학교,37.1696802,127.0275815
S090007320,다산새봄초등학교,37.61991629,127.1592158
S090007321,창릉초등학교,37.64831721,126.8932376
S090007322,향동숲내초등학교,37.59520859,126.8908446
S090007323,훈민초등학교,37.73885594,127.1146943
S090007325,은빛초등학교,37.43426275,126.8051824
S090007326,배곧누리초등학교,37.38260925,126.7319087
S090007327,감일초등학교,37.50023416,127.1620609
S090007328,능평초등학교,37.34888072,127.1666655
S090007329,광주푸른초등학교,37.39924577,127.2711876
S090007331,새솔초등학교,37.2890807,126.8190155
S090007333,세정초등학교,37.16678823,127.1260411
S090007334,청림초등학교,37.17458716,127.1113568
S090007335,평택대동초등학교,36.98936457,127.1317904
S090007337,평택새빛초등학교,37.0250819,127.1051136
S090007338,안산해솔초등학교,37.2825303,126.8335717
S090007361,수현초등학교,37.22752589,126.950317
S090007363,산들초등학교,37.72937777,126.73125
S090007371,이솔초등학교,37.16322375,127.109722
S090007375,향동초등학교,37.60347891,126.8954667
S090007378,지축초등학교,37.65291086,126.9159516
S090007396,여울초등학교,37.19510443,127.0889469
S090007397,늘봄초등학교,37.21736028,127.1098102
S090007398,평택서재초등학교,37.0182477,127.1039672
S090007407,다산하늘초등학교,37.62791192,127.1465789
S090007424,은솔초등학교,37.65013079,127.2949886
S090007435,위례숲초등학교,37.48537694,127.1583387
S090007436,신우초등학교,37.5108164,127.1611646
S090007437,한여울초등학교,37.36552967,126.8055267
S090007443,하랑초등학교,37.65003598,127.2552349
S090007450,세아초등학교,37.00836879,127.0883054
S090007517,판교대장초등학교,37.36825879,127.0697175
S090007520,단샘초등학교,37.50704058,127.1587193
S090007523,새봄초등학교,37.20146282,127.0297732
S090007524,배다리초등학교,37.00488896,127.1216053
S090007573,지제초등학교,37.0234962,127.0781525
S090007574,신남초등학교,37.19138969,126.8177628
S090007576,초롱초등학교,37.7099875,126.7198866
S090007581,다산별빛초등학교,37.61703531,127.165458
S090007583,다율초등학교,37.73798274,126.7269584
S090007603,원흥초등학교,37.65103799,126.8687604
S090007604,화성신동초등학교,37.17490244,127.1310568
S090007607,평택모산초등학교,37.02063576,127.092978
S090007611,시흥가온초등학교,37.37363021,126.7943755
S090007614,향산초등학교,37.61950876,126.749325
S090007616,김포나진초등학교,37.63567646,126.7024824
S090007618,김포구래초등학교,37.64001648,126.6284079
S090007629,덕은한강초등학교,37.58145736,126.8636597
S090007632,과천갈현초등학교,37.4118713,126.987648
S090007676,쌍동초등학교,37.37728307,127.2896082
S090007677,율포초등학교,37.04254108,127.0433697
S090007678,지효초등학교,37.65032906,126.9220106
S090007859,해창초등학교,37.03550398,127.0238664
S090007860,평택영신초등학교,37.01744671,127.0852241
S090007862,고양장항초등학교,37.64860182,126.7542941
S090007870,배곧라라초등학교,37.3693389,126.7230306
S090007871,글빛초등학교,37.23954453,127.0433337
S090007880,세담초등학교,37.16466234,127.0490836
S090007881,내리숲초등학교,37.2261718,126.9237352
S090007882,민세초등학교,37.05536352,127.0400227
S090007903,별하람초등학교,37.7417798,126.7585117
S090007905,운정해오름초등학교,37.74177037,126.7306484
S090007911,포담초등학교,38.00680902,127.2454502
S090007918,도현초등학교,37.34606329,127.2568208
S090007919,처인초등학교,37.1537633,127.1686577
S090007920,청연초등학교,37.24643696,126.8673577
S090007926,고덕함박초등학교,37.03280302,127.0320831
S090007929,시화나래초등학교,37.32465657,126.6785656
S090007937,과천율목초등학교,37.40785863,126.9822609
S090007944,푸른샘초등학교,37.81466123,127.0509241
S090008028,매교초등학교,37.26906043,127.0184466
S090008029,규장초등학교,37.2425677,127.0202121
S090008032,모담초등학교,37.65623241,126.6747061
S090000876,가평중학교,37.82753786,127.5100298
S090000877,가평북중학교,37.87934605,127.5481207
S090000878,설악중학교,37.6819367,127.49395
S090000879,조종중학교,37.81435909,127.3466138
S090000880,청평중학교,37.74343941,127.4222115
S090000944,가람중학교,37.62365997,126.8412071
S090000946,고양중학교,37.64960904,126.8845811
S090000947,능곡중학교,37.62292202,126.8266419
S090000948,대화중학교,37.67381374,126.7444769
S090000949,덕양중학교,37.60465416,126.8717155
S090000950,무원중학교,37.6176865,126.8305817
S090000951,발산중학교,37.66984321,126.7696268
S090000952,백마중학교,37.65512778,126.7933085
S090000953,백석중학교,37.64200418,126.7828353
S090000954,백신중학교,37.65133133,126.7831772
S090000955,백양중학교,37.63133167,126.8359445
S090000956,고양제일중학교,37.69052753,126.8592787
S090000957,신능중학교,37.61956704,126.8354977
S090000958,신일중학교,37.67661384,126.7741412
S090000959,오마중학교,37.6776984,126.7615621
S090000960,원당중학교,37.66465516,126.8231393
S090000961,일산동중학교,37.69537427,126.7680679
S090000962,일산중학교,37.68897122,126.7683384
S090000963,장성중학교,37.68131955,126.7513728
S090000964,저동중학교,37.67073855,126.7779123
S090000965,정발중학교,37.6594744,126.7807456
S090000966,중산중학교,37.69140401,126.7835017
S090000967,지도중학교,37.62706051,126.8340317
S090000969,한수중학교,37.66990116,126.7561898
S090000970,행신중학교,37.61515697,126.8396543
S090000971,호곡중학교,37.70159366,126.7685069
S090000972,화수중학교,37.64522938,126.834916
S090000973,화정중학교,37.63491092,126.8264796
S090001188,가림중학교,37.45764308,126.8796742
S090001189,광남중학교,37.47007475,126.8475588
S090001190,광명북중학교,37.48714374,126.8657712
S090001191,하안북중학교,37.46508438,126.8677256
S090001192,광명중학교,37.47842348,126.8675734
S090001194,소하중학교,37.44819692,126.887415
S090001195,안서중학교,37.4383574,126.8821568
S090001196,철산중학교,37.47030832,126.8753237
S090001198,하안중학교,37.46738575,126.8807721
S090001267,경안중학교,37.39510409,127.2469066
S090001268,경화여자중학교,37.41824307,127.2639914
S090001269,광수중학교,37.47365896,127.3198075
S090001270,광일중학교,37.30374165,127.3307934
S090001271,곤지암중학교,37.34856308,127.3376091
S090001272,광주중학교,37.40965522,127.2543702
S090001273,남한중학교,37.54274227,127.2092757
S090001274,동부중학교,37.53411789,127.2030918
S090001275,신장중학교,37.54312025,127.218857
S090001276,탄벌중학교,37.41306261,127.2438458
S090001277,하남중학교,37.53645843,127.2229362
S090001365,갈뫼중학교,37.37747542,126.9749024
S090001366,고천중학교,37.35235722,126.9829824
S090001367,곡란중학교,37.37284839,126.9297615
S090001368,군포중학교,37.35790182,126.9449292
S090001369,궁내중학교,37.36388636,126.9190776
S090001370,금정중학교,37.35663236,126.9390466
S090001371,도장중학교,37.35560813,126.9269137
S090001372,백운중학교,37.39057316,126.9896699
S090001374,산본중학교,37.3695021,126.9271263
S090001375,수리중학교,37.36124122,126.9185679
S090001376,용호중학교,37.34302578,126.9446325
S090001377,의왕부곡중학교,37.31483225,126.9570769
S090001378,의왕중학교,37.35203705,126.9755771
S090001379,흥진중학교,37.35286142,126.9285268
S090001487,고촌중학교,37.60853876,126.7680642
S090001488,김포여자중학교,37.61839978,126.713009
S090001489,금파중학교,37.62404987,126.7190051
S090001490,김포중학교,37.6221982,126.7079972
S090001491,대곶중학교,37.64933563,126.5837202
S090001492,분진중학교,37.7192687,126.552961
S090001493,양곡중학교,37.65963944,126.6251437
S090001494,장기중학교,37.64781054,126.6648355
S090001495,통진중학교,37.68585311,126.6021476
S090001496,풍무중학교,37.60007633,126.7267522
S090001497,하성중학교,37.71800637,126.6284333
S090001575,광동중학교,37.71675577,127.1751688
S090001576,교문중학교,37.58859086,127.1338889
S090001577,구리중학교,37.58969179,127.1408316
S090001578,구리여자중학교,37.59173193,127.1514056
S090001579,금곡중학교,37.6339474,127.2145117
S090001581,덕소중학교,37.58067361,127.226325
S090001582,도농중학교,37.61089827,127.1634353
S090001583,동구중학교,37.61261522,127.1350602
S090001584,동화중학교,37.60793099,127.1619037
S090001585,마석중학교,37.64848795,127.3047481
S090001586,미금중학교,37.61497744,127.1593169
S090001587,별내중학교,37.71101831,127.1127461
S090001588,수동중학교,37.70912577,127.3248165
S090001589,심석중학교,37.65603445,127.3068854
S090001590,오남중학교,37.70133729,127.2058536
S090001591,와부중학교,37.58703422,127.219809
S090001592,연세중학교,37.5685278,127.3219261
S090001593,인창중학교,37.60651492,127.1464064
S090001594,장자중학교,37.58583837,127.1351764
S090001595,진건중학교,37.65428897,127.1783249
S090001596,토평중학교,37.59005331,127.1443047
S090001597,퇴계원중학교,37.65236033,127.1414664
S090001598,호평중학교,37.65602471,127.2492539
S090001599,화광중학교,37.65276413,127.3349525
S090001771,고암중학교,37.83445798,127.0678903
S090001772,남문중학교,37.89719133,126.9798943
S090001773,덕계중학교,37.81620717,127.0500454
S090001774,덕정중학교,37.84260316,127.0640053
S090001775,동두천여자중학교,37.90667068,127.0608065
S090001777,동두천중학교,37.90471471,127.0592539
S090001778,한빛누리중학교,37.91198659,127.0610196
S090001779,신흥중학교,37.93106706,127.0478141
S090001780,양주백석중학교,37.78907725,126.9900162
S090001781,조양중학교,37.82006347,126.9791625
S090001873,계남중학교,37.49738932,126.7735021
S090001874,내동중학교,37.51773405,126.7746305
S090001878,덕산중학교,37.52891232,126.7936079
S090001882,부명중학교,37.49795306,126.7641504
S090001883,부인중학교,37.49055345,126.7486718
S090001884,부일중학교,37.46623463,126.7997359
S090001885,부천남중학교,37.47906932,126.7720163
S090001886,부천동여자중학교,37.48077502,126.8102137
S090001887,부천동중학교,37.48077502,126.8102137
S090001888,부천부곡중학교,37.49463546,126.7745235
S090001889,부천부흥중학교,37.50525954,126.7781255
S090001892,부천여월중학교,37.51725867,126.7972231
S090001893,부천여자중학교,37.48137871,126.7604813
S090001894,부천중학교,37.49042809,126.7688648
S090001896,상도중학교,37.49435941,126.7603474
S090001897,상동중학교,37.49815628,126.7449141
S090001898,상일중학교,37.50165479,126.7513843
S090001899,석천중학교,37.50991836,126.7569499
S090001900,성곡중학교,37.51747466,126.8153418
S090001901,성주중학교,37.48028041,126.7599147
S090001902,소명여자중학교,37.48782298,126.79131
S090001903,소사중학교,37.47002481,126.8020814
S090001905,심원중학교,37.49986182,126.7827908
S090001906,역곡중학교,37.49143964,126.8109076
S090001911,중원중학교,37.511937,126.7628471
S090001912,중흥중학교,37.50654272,126.7742134
S090002174,금광중학교,37.44660311,127.1716429
S090002176,내정중학교,37.37073068,127.1194777
S090002177,대원중학교,37.44763955,127.1725632
S090002178,매송중학교,37.39673763,127.1233688
S090002180,백현중학교,37.37132024,127.1106623
S090002181,분당중학교,37.36090634,127.1110695
S090002182,불곡중학교,37.34745932,127.119915
S090002183,상원여자중학교,37.45701189,127.1580691
S090002184,서현중학교,37.3807546,127.1335296
S090002185,성남동중학교,37.44873911,127.1641774
S090002186,성남문원중학교,37.46091703,127.1574144
S090002187,성남서중학교,37.44911542,127.1541109
S090002188,성남여자중학교,37.45023391,127.1427174
S090002189,성남중학교,37.43246198,127.1443208
S090002190,동광중학교,37.43463362,127.1434964
S090002191,성일중학교,37.43487853,127.1448205
S090002192,송림중학교,37.39191272,127.1318098
S090002193,수내중학교,37.37098934,127.1261902
S090002195,야탑중학교,37.41612945,127.1312341
S090002196,양영중학교,37.37652556,127.1359747
S090002198,영성중학교,37.42721098,127.147292
S090002199,은행중학교,37.45703332,127.1725674
S090002200,이매중학교,37.40192933,127.1260549
S090002201,장안중학교,37.37142116,127.1466861
S090002202,정자중학교,37.3653198,127.1101466
S090002206,태평중학교,37.44667267,127.1288292
S090002207,풍생중학교,37.43504295,127.1314146
S090002208,하탑중학교,37.40946211,127.137175
S090002406,고색중학교,37.25360106,126.9813192
S090002407,곡선중학교,37.25452378,127.0234799
S090002408,구운중학교,37.27680726,126.977418
S090002409,권선중학교,37.24884036,127.0171053
S090002410,남수원중학교,37.25199587,127.0336582
S090002411,대평중학교,37.29743078,126.9898634
S090002412,동성중학교,37.28470754,127.034961
S090002413,동수원중학교,37.2712924,127.0547216
S090002414,매원중학교,37.26661639,127.0452492
S090002415,매향중학교,37.28575833,127.019207
S090002416,매현중학교,37.25486284,127.0427153
S090002417,명인중학교,37.29223274,126.9930863
S090002418,송원중학교,37.29724061,127.0028453
S090002419,산남중학교,37.26912854,127.0513148
S090002420,삼일중학교,37.28439868,127.0185096
S090002421,창용중학교,37.29316862,127.030143
S090002422,수성중학교,37.29479929,127.012183
S090002423,수원북중학교,37.29541111,127.021034
S090002424,수원제일중학교,37.28713514,127.0008026
S090002425,수원중학교,37.26713365,127.0174147
S090002426,수일여자중학교,37.30810329,127.0076654
S090002427,수일중학교,37.31021301,127.0024664
S090002428,숙지중학교,37.28243119,126.9922207
S090002429,연무중학교,37.29290141,127.0518821
S090002430,영덕중학교,37.25855295,127.07289
S090002431,영복여자중학교,37.28559857,127.0028572
S090002432,영신중학교,37.24190913,126.9669823
S090002433,영일중학교,37.2496833,127.0758513
S090002434,영통중학교,37.2536188,127.0637499
S090002435,원천중학교,37.27640244,127.0490259
S090002436,율전중학교,37.30336795,126.9663526
S090002437,율현중학교,37.28612119,126.9826535
S090002438,이목중학교,37.31831824,126.9823353
S090002439,천천중학교,37.30024941,126.981025
S090002440,청명중학교,37.26185806,127.0781262
S090002441,태장중학교,37.24899233,127.0651888
S090002442,호매실중학교,37.26848379,126.955446
S090002443,화홍중학교,37.24728058,127.0347228
S090002683,경수중학교,37.32693645,126.8513333
S090002684,관산중학교,37.335274,126.7988246
S090002685,군자중학교,37.35125546,126.7840568
S090002686,대부중학교,37.24776227,126.5790618
S090002687,대흥중학교,37.44744016,126.784073
S090002688,반월중학교,37.30459717,126.8992679
S090002689,별망중학교,37.30449617,126.8125395
S090002690,본오중학교,37.29327463,126.86678
S090002691,상록중학교,37.30011319,126.8695749
S090002692,서해중학교,37.35717907,126.7260914
S090002693,선부중학교,37.34481476,126.8151367
S090002694,성안중학교,37.30403122,126.8481679
S090002695,한국글로벌중학교,37.45851798,126.8323613
S090002696,성포중학교,37.33552772,126.8512845
S090002697,소래중학교,37.43735861,126.7967625
S090002698,송운중학교,37.35941067,126.731408
S090002699,송호중학교,37.31126021,126.8395516
S090002700,시곡중학교,37.29276441,126.856039
S090002701,시흥은행중학교,37.44288989,126.8022274
S090002702,시흥중학교,37.35294946,126.7318635
S090002703,신천중학교,37.43428739,126.782428
S090002704,안산부곡중학교,37.32381712,126.8587264
S090002705,안산중학교,37.36094704,126.8741442
S090002706,양지중학교,37.30478573,126.8337383
S090002707,연성중학교,37.39248682,126.8134103
S090002708,와동중학교,37.3386135,126.8309045
S090002709,원곡중학교,37.33133132,126.8017354
S090002710,원일중학교,37.33944264,126.8086767
S090002711,장곡중학교,37.37987298,126.7876166
S090002712,정왕중학교,37.34018306,126.7424822
S090002713,중앙중학교,37.32246042,126.8402219
S090002714,함현중학교,37.36379852,126.7369618
S090002917,공도중학교,37.00225731,127.173626
S090002918,명륜여자중학교,37.00503274,127.2751069
S090002919,서운중학교,36.94487143,127.2640856
S090002920,안성여자중학교,37.00836663,127.275693
S090002921,안성중학교,37.01331333,127.2704648
S090002922,안청중학교,37.02200634,127.2748774
S090002923,양성중학교,37.06313048,127.1958085
S090002924,일죽중학교,37.09147028,127.4733715
S090002925,죽산중학교,37.08202849,127.4248873
S090003014,과천문원중학교,37.42339944,126.9952942
S090003016,과천중학교,37.43314941,126.9893133
S090003017,인덕원중학교,37.40224961,126.9714242
S090003018,관양중학교,37.40568279,126.9605487
S090003019,귀인중학교,37.38403061,126.9633897
S090003020,근명중학교,37.39354124,126.9200136
S090003021,대안여자중학교,37.3771591,126.9651002
S090003022,대안중학교,37.37798341,126.9658777
S090003024,범계중학교,37.38471774,126.9553571
S090003025,부림중학교,37.39806651,126.9532768
S090003026,부안중학교,37.39909518,126.9606259
S090003029,성문중학교,37.37984308,126.9246852
S090003030,신기중학교,37.37908069,126.9588302
S090003031,신성중학교,37.38415457,126.918832
S090003032,신안중학교,37.38811426,126.9148167
S090003033,안양부흥중학교,37.39408695,126.9454579
S090003035,안양서중학교,37.38592792,126.9043162
S090003036,안양여자중학교,37.40356518,126.9163223
S090003037,안양중학교,37.40925264,126.8966844
S090003038,연현중학교,37.42938399,126.899507
S090003039,평촌중학교,37.38878173,126.9614853
S090003041,호계중학교,37.37834907,126.9517363
S090003199,강하중학교,37.48253125,127.4050751
S090003200,개군중학교,37.42858075,127.5397798
S090003201,국수중학교,37.51009186,127.4009331
S090003202,양수중학교,37.54474082,127.3256681
S090003203,단월중학교,37.54105141,127.6725011
S090003204,서종중학교,37.61360872,127.3507988
S090003205,양동중학교,37.42168348,127.755652
S090003206,양일중학교,37.49437051,127.4934909
S090003208,양평중학교,37.49857316,127.497091
S090003210,용문중학교,37.49187337,127.5988154
S090003211,지평중학교,37.47447401,127.6345589
S090003212,청운중학교,37.5533698,127.711468
S090003314,강천중학교,37.27087978,127.712448
S090003315,대신중학교,37.36353482,127.6081153
S090003316,상품중학교,37.40265113,127.4399231
S090003317,세정중학교,37.2801091,127.5639295
S090003318,여강중학교,37.32944528,127.6834973
S090003319,여주제일중학교,37.20517928,127.5555129
S090003321,여주중학교,37.29702706,127.6199007
S090003322,이포중학교,37.37638925,127.5168304
S090003323,점동중학교,37.20577103,127.6639193
S090003324,창명여자중학교,37.37548313,127.5893974
S090003325,흥천중학교,37.32737755,127.5555146
S090003406,군남중학교,38.06782209,127.0155896
S090003407,대광중학교,38.1830174,127.1053519
S090003408,백학중학교,38.02503151,126.9082653
S090003409,연천중학교,38.10822391,127.0766731
S090003410,전곡중학교,38.03431521,127.0711449
S090003411,청산중학교,38.034767,127.1074886
S090003467,구갈중학교,37.28484009,127.1087237
S090003468,구성중학교,37.29999927,127.114422
S090003470,나곡중학교,37.25143052,127.1245131
S090003471,남사중학교,37.11610922,127.1493131
S090003472,대지중학교,37.33105561,127.1163113
S090003473,모현중학교,37.3438498,127.231589
S090003474,문정중학교,37.32272577,127.0990637
S090003475,백암중학교,37.164968,127.3685728
S090003476,상갈중학교,37.2664741,127.1092177
S090003477,상현중학교,37.29949159,127.0709899
S090003478,서원중학교,37.3018915,127.0805582
S090003479,성복중학교,37.31974732,127.0764604
S090003480,소현중학교,37.30158937,127.0937847
S090003481,송전중학교,37.1404346,127.2007625
S090003482,수지중학교,37.33289857,127.0943635
S090003483,신갈중학교,37.28067138,127.1086862
S090003484,영문중학교,37.2719248,127.2084928
S090003485,용동중학교,37.23151178,127.2829773
S090003487,용인중학교,37.23861861,127.2005664
S090003488,원삼중학교,37.16816305,127.3093127
S090003489,이현중학교,37.31528324,127.0968022
S090003490,정평중학교,37.31807594,127.0878026
S090003491,죽전중학교,37.33236479,127.1075402
S090003492,태성중학교,37.22892007,127.2088324
S090003493,포곡중학교,37.2797216,127.2213922
S090003494,홍천중학교,37.32110222,127.0764753
S090003639,경민여자중학교,37.74612458,127.0251316
S090003640,경민중학교,37.74612458,127.0251644
S090003641,금오중학교,37.7499704,127.0576207
S090003642,민락중학교,37.74089695,127.0956321
S090003643,발곡중학교,37.72744102,127.0549978
S090003645,부용중학교,37.73546115,127.0919351
S090003646,신곡중학교,37.74316219,127.0598807
S090003648,다온중학교,37.74122216,127.0373091
S090003649,의정부여자중학교,37.74996862,127.039693
S090003650,의정부중학교,37.74810725,127.0403698
S090003651,천보중학교,37.75069397,127.0650305
S090003652,충의중학교,37.74200365,127.0902726
S090003653,호원중학교,37.71929926,127.0446514
S090003654,회룡중학교,37.71538258,127.0438499
S090003655,효자중학교,37.75220163,127.0773205
S090003740,이천경남중학교,37.13607492,127.5188855
S090003741,대월중학교,37.22442055,127.4914997
S090003742,마장중학교,37.24714795,127.3581602
S090003743,모가중학교,37.17611903,127.4733746
S090003745,백사중학교,37.32371489,127.4739405
S090003746,부발중학교,37.28529944,127.4941441
S090003747,설봉중학교,37.28480071,127.451362
S090003749,율면중학교,37.08769127,127.5425144
S090003750,이천송정중학교,37.29352876,127.4331835
S090003751,이천양정여자중학교,37.28466632,127.436821
S090003752,이천중학교,37.27926523,127.4561674
S090003754,장호원중학교,37.12648855,127.6170899
S090003756,효양중학교,37.26576297,127.4821566
S090003860,광탄중학교,37.78194408,126.8473214
S090003861,교하중학교,37.72281294,126.7208925
S090003862,문산동중학교,37.85922282,126.7806655
S090003863,문산북중학교,37.86299886,126.7757779
S090003864,문산수억중학교,37.85202703,126.8025649
S090003865,문산중학교,37.77260399,126.7628873
S090003866,법원여자중학교,37.85259972,126.8688511
S090003867,봉일천중학교,37.74768969,126.8137473
S090003868,삼광중학교,37.94557773,126.8855095
S090003869,어유중학교,37.99392706,126.9882777
S090003870,율곡중학교,37.8493834,126.8811406
S090003871,지산중학교,37.72474308,126.7523534
S090003873,파주중학교,37.83304398,126.8296957
S090003874,파평중학교,37.92006566,126.8374481
S090003875,탄현중학교,37.80473387,126.7230919
S090003988,세교중학교,37.01353715,127.0886148
S090003989,라온중학교,37.069442,127.0669522
S090003990,송탄중학교,37.07656162,127.0665717
S090003992,신한중학교,36.99356942,127.1044177
S090003993,안일중학교,36.98415943,126.9244101
S090003994,안중중학교,36.98699168,126.9232225
S090003995,오성중학교,37.00918156,126.9806408
S090003996,은혜중학교,37.06654128,127.0816468
S090003997,진위중학교,37.10991471,127.0694297
S090003998,청담중학교,36.96248605,127.0631038
S090003999,청북중학교,37.04255751,126.9473637
S090004000,태광중학교,37.07387961,127.0534992
S090004002,평택여자중학교,36.99300685,127.1030819
S090004003,평택중학교,36.99529134,127.1258496
S090004004,포승중학교,36.98198727,126.8817813
S090004005,한광여자중학교,36.99789035,127.0960204
S090004006,한광중학교,36.99789035,127.0960037
S090004007,현화중학교,36.9824163,126.9200361
S090004008,효명중학교,37.0501393,127.0550807
S090004164,갈월중학교,37.82400784,127.1532572
S090004165,경북중학교,37.84949654,127.1881317
S090004166,관인중학교,38.15804881,127.2505866
S090004167,내촌중학교,37.77903526,127.2245739
S090004168,동남중학교,37.82695298,127.1356234
S090004169,삼성중학교,37.94840374,127.1901139
S090004170,영북중학교,38.09364006,127.2776572
S090004171,영중중학교,38.00004367,127.2458095
S090004172,이동중학교,38.0306203,127.3743701
S090004173,일동중학교,37.96123182,127.315232
S090004174,포천여자중학교,37.90550575,127.1999927
S090004175,포천중학교,37.90694114,127.2025475
S090004259,남양중학교,37.2076495552,126.8216294301
S090004260,동학중학교,37.23298711,127.0579306964
S090004261,동탄중학교,37.19901116,127.1090809
S090004263,발안중학교,37.13284524,126.9186082959
S090004265,봉담중학교,37.21655105,126.9533521
S090004266,비봉중학교,37.2376134381,126.8735325594
S090004267,삼괴중학교,37.0896174918,126.8214954998
S090004268,서신중학교,37.1691845771,126.7010521667
S090004269,성호중학교,37.13961594,127.0818199
S090004270,송산중학교,37.21535671,126.7306439
S090004271,안용중학교,37.2064732138,127.0202334128
S090004272,양감중학교,37.0809277186,126.951662
S090004273,매홀중학교,37.16800267,127.0688472
S090004274,오산중학교,37.15430591,127.0626056
S090004275,운암중학교,37.14588366,127.0769292
S090004276,운천중학교,37.15829932,127.0780072
S090004277,장안여자중학교,37.0772986356,126.8156810694
S090004278,정남중학교,37.1658147886,126.9786516
S090004279,진안중학교,37.2165232,127.0378176
S090004280,화도중학교,37.2048869589,126.7747788423
S090004281,화성중학교,37.13902926,126.9066229429
S090004699,광문중학교,37.46687915,126.8528284
S090004860,곡반중학교,37.2443514,127.0330821
S090004861,망포중학교,37.23823478,127.0559614
S090004862,정천중학교,37.28939916,126.9819422
S090004863,칠보중학교,37.27362167,126.9444852
S090004865,호성중학교,37.36691837,126.9637649
S090004866,부천일신중학교,37.47329733,126.8059082
S090004867,선일중학교,37.33549008,126.8037698
S090004869,진접중학교,37.73661814,127.1933654
S090004870,대송중학교,37.67086006,126.7308676
S090004871,현산중학교,37.69124586,126.774003
S090004894,헌산중학교,37.17384579,127.2958775
S090004948,생연중학교,37.89686651,127.0496665
S090004970,현암중학교,37.32955546,127.1218001
S090004971,용인신릉중학교,37.29025948,127.1160249
S090004972,용인신촌중학교,37.31614242,127.1132682
S090004973,용인대덕중학교,37.33674758,127.1276076
S090004974,손곡중학교,37.33485587,127.0942612
S090004975,성지중학교,37.27403886,127.1281168
S090004976,언동중학교,37.29442085,127.1302984
S090004977,용신중학교,37.23396718,127.1924301
S090004979,초지중학교,37.3120993,126.8179787
S090004982,금릉중학교,37.75152649,126.7729456
S090004984,이우중학교,37.35324326,127.090941
S090004999,대경중학교,37.8266815,127.139571
S090005002,당동중학교,37.34543137,126.9372674
S090005020,안화중학교,37.21111875,127.0485705
S090005021,대호중학교,37.16220081,127.0568708
S090005022,두레자연중학교,37.0592118064,126.7953038209
S090005033,송라중학교,37.65460152,127.3029538
S090005034,장내중학교,37.64209873,127.233239
S090005035,목암중학교,37.71407596,126.9057794
S090005046,비산중학교,37.40942621,126.948075
S090005111,증포중학교,37.28807095,127.4555511
S090005132,동암중학교,37.72156197,127.0586199
S090005133,덕현중학교,37.80025944,127.0800863
S090005136,늘푸른중학교,37.35739426,127.1051176
S090005159,삼숭중학교,37.79780068,127.1086048
S090005161,장당중학교,37.05165213,127.0631855
S090005162,평내중학교,37.64804303,127.2382105
S090005164,병점중학교,37.2100783524,127.0402100868
S090005172,조원중학교,37.30761201,127.0167427
S090005173,세류중학교,37.2576272,127.0070015
S090005174,비전중학교,37.00726282,127.102831
S090005175,기안중학교,37.22434165,126.9753192
S090005266,석호중학교,37.29968123,126.8522454
S090005268,광덕중학교,37.33746804,126.8460351
S090005287,송우중학교,37.83562657,127.1444797
S090005321,한겨레중학교,37.03060318,127.4226896
S090005323,당정중학교,37.34871302,126.9588427
S090005329,동백중학교,37.28558222,127.1589105
S090005331,용인백현중학교,37.28099517,127.164679
S090005335,송내중앙중학교,37.88842057,127.0526199
S090005338,초당중학교,37.26553571,127.1568124
S090005342,광주광남중학교,37.38042776,127.236244
S090005345,도곡중학교,36.98922145,126.8487617
S090005350,세종중학교,37.279512,127.6328214
S090005351,신평중학교,37.5441467,127.21401
S090005352,양오중학교,37.69767148,127.193132
S090005353,월곶중학교,37.39264071,126.7379036
S090005354,이충중학교,37.05952238,127.06899
S090005356,판곡중학교,37.66279729,127.2419367
S090005358,풍산중학교,37.6647462,126.7991028
S090005360,서정중학교,37.61849724,126.84973
S090005362,회천중학교,37.83264346,127.0709384
S090005387,시화중학교,37.34098555,126.7561913
S090005389,감정중학교,37.62110744,126.7009004
S090005390,고양송산중학교,37.68786495,126.7220035
S090005391,금촌중학교,37.75127115,126.7787863
S090005392,논곡중학교,37.38887267,126.8571918
S090005394,단원중학교,37.32794999,126.822711
S090005396,두일중학교,37.71998297,126.712557
S090005398,비룡중학교,37.01568452,127.2627594
S090005400,서호중학교,37.26639752,126.9877938
S090005401,석수중학교,37.34292546,126.8092437
S090005405,안산성호중학교,37.31415903,126.8681669
S090005407,용천중학교,37.19144213,127.2008278
S090005409,임곡중학교,37.40854787,126.9315627
S090005410,풍동중학교,37.67083031,126.7996206
S090005419,청심국제중학교,37.6870224,127.5405281
S090005420,안산해양중학교,37.29530464,126.8211678
S090005462,오산원일중학교,37.13977634,127.0726758
S090005468,고림중학교,37.24047025,127.2184893
S090005469,상촌중학교,37.2762001,126.935309
S090005470,기산중학교,37.2191035737,127.0524467
S090005473,석우중학교,37.2081436025,127.0702429682
S090005475,어람중학교,37.68200711,127.214868
S090005477,잠원중학교,37.23937024,127.0487269
S090005479,보라중학교,37.24950722,127.1082152
S090005489,녹양중학교,37.7618639,127.0280838
S090005490,솔뫼중학교,37.73083839,127.0823822
S090005521,중앙기독중학교,37.27533477,127.0576904
S090005587,화성동화중학교,37.21386594,126.9618927204
S090005590,반송중학교,37.1904223534,127.0712298412
S090005592,솔빛중학교,37.1959992676,127.0724381564
S090005604,수주중학교,37.5313946,126.8169546
S090005605,원미중학교,37.49927327,126.7944904
S090005606,까치울중학교,37.51533749,126.8013393
S090005608,안곡중학교,37.68100718,126.7868841
S090005609,청덕중학교,37.29318256,127.1451614
S090005611,고창중학교,37.64183725,126.6703971
S090005613,시흥능곡중학교,37.36502476,126.8147195
S090005614,응곡중학교,37.38077945,126.7832803
S090005615,시흥매화중학교,37.41319048,126.8159638
S090005616,모락중학교,37.3680803,126.9677165
S090005619,은계중학교,37.44719656,126.8001873
S090005620,도촌중학교,37.41676815,127.1542449
S090005622,샛별중학교,37.36813084,127.1299286
S090005623,수진중학교,37.43711701,127.1236376
S090005654,능동중학교,37.2120870152,127.0613173452
S090005657,와우중학교,37.2190809431,126.9657577622
S090005661,푸른중학교,37.202107356,127.0566057652
S090005662,향남중학교,37.12873445,126.9277544
S090005679,광릉중학교,37.74286242,127.2135456
S090005681,김포신곡중학교,37.59936807,126.7649552
S090005683,예봉중학교,37.59534936,127.2204412
S090005684,양진중학교,36.98582893,127.1438654
S090005689,신길중학교,37.33713186,126.787655
S090005691,한빛중학교,37.71464292,126.7548813
S090005694,매탄중학교,37.26073463,127.039259
S090005698,보평중학교,37.39395033,127.1157671
S090005700,운중중학교,37.39124417,127.0736017
S090005701,판교중학교,37.38722313,127.0875578
S090005704,가운중학교,37.59944252,127.1566123
S090005707,성사중학교,37.6637849,126.8429581
S090005709,풍양중학교,37.71884863,127.1910173
S090005713,덕풍중학교,37.55369803,127.1992248
S090005746,신양중학교,37.65906492,126.6355015
S090005749,용인한빛중학교,37.3372256,127.0848659
S090005752,마송중학교,37.68673882,126.5949647
S090005755,이호중학교,37.28587748,126.8570207
S090005760,세마중학교,37.18105837,127.0422468
S090005764,충현중학교,37.43031148,126.881806
S090005767,수원원일중학교,37.26539571,127.053545
S090005775,흥덕중학교,37.27678653,127.0797285
S090005779,별가람중학교,37.65912402,127.1225367
S090005783,화접중학교,37.64569642,127.114929
S090005832,문시중학교,37.17443429,127.0471779
S090005834,삼평중학교,37.40060747,127.1157402
S090005857,덕이중학교,37.69218769,126.7549202
S090005859,만정중학교,37.0086015,127.1729856
S090005861,상하중학교,37.26159673,127.1356759
S090005863,서천중학교,37.24001911,127.0758949
S090005865,선유중학교,37.86690717,126.8022181
S090005868,성서중학교,37.31498196,127.0640834
S090005875,예당중학교,37.2077909387,127.0793273732
S090005876,신현중학교,37.35779656,127.1510943
S090005877,한가람중학교,37.73115198,126.7564238
S090005878,광교중학교,37.30452503,127.044661
S090005881,이의중학교,37.2913276,127.0707668
S090005884,푸른솔중학교,37.65243694,126.6671637
S090005887,청옥중학교,37.01478998,126.9150395
S090005889,초월중학교,37.36712661,127.3031765
S090005911,운양중학교,37.64497586,126.6764461
S090006027,고진중학교,37.24776317,127.2174318
S090006035,신봉중학교,37.32765873,127.0643074
S090006036,한숲중학교,37.15785188,127.1730187
S090006045,하늘빛중학교,37.65495148,126.6878279
S090006056,율정중학교,37.8282494,127.0974367
S090006060,옥빛중학교,37.81457546,127.0957123
S090006089,원흥중학교,37.64932815,126.8683708
S090006105,위례중앙중학교,37.47188409,127.1382118
S090006106,위례한빛중학교,37.46797483,127.1486362
S090006119,배곧중학교,37.37485445,126.7308421
S090006148,시흥가온중학교,37.3734214,126.7954268
S090006155,하길중학교,37.11225847,126.9088459
S090006158,산내중학교,37.72307111,126.7408401
S090006159,산들중학교,37.7308405,126.7321615
S090006160,운정중학교,37.707956,126.7556316
S090006422,낙원중학교,37.39919048,127.0961776
S090006423,덕장중학교,37.39322824,126.9988109
S090006424,동패중학교,37.70857005,126.7359559
S090006430,부곡중앙중학교,37.32360247,126.9383429
S090006438,신백현중학교,37.38628783,127.1102903
S090006442,양도중학교,37.60472045,126.7307012
S090006448,이천사동중학교,37.24806811,127.496564
S090006450,일산양일중학교,37.67683594,126.8155141
S090006451,주곡중학교,37.72536786,127.2067255
S090006457,해솔중학교,37.72746421,126.7458749
S090006560,송양중학교,37.75172729,127.1044225
S090006576,경기체육중학교,37.30395971,126.9785339
S090006652,화성반월중학교,37.22388567,127.0542861
S090006779,은여울중학교,37.63794171,126.6390605
S090006780,신원중학교,37.66750838,126.8877768
S090006781,수원다산중학교,37.2839613,127.0512367
S090006782,능실중학교,37.26094165,126.9562586
S090006783,김포한가람중학교,37.6493725,126.6234637
S090006784,어정중학교,37.28072654,127.1451478
S090006800,천마중학교,37.65616529,127.2767586
S090006805,옥정중학교,37.82204162,127.0884206
S090006912,미사강변중학교,37.57788767,127.1856213
S090006934,한백중학교,37.20656172,127.1141301
S090006939,청계중학교,37.19945672,127.1031575
S090006944,방교중학교,37.17474632,127.1014114
S090006953,도래울중학교,37.63190171,126.8686434
S090006966,한별중학교,37.64880857,127.1188629
S090007035,위례중학교,37.47721139,127.1483118
S090007036,은가람중학교,37.57599104,127.1770332
S090007037,미사중학교,37.55852287,127.1996957
S090007065,조남중학교,37.37749101,126.8585907
S090007115,옥길중학교,37.4638274,126.8269434
S090007124,박달중학교,37.39939795,126.8970462
S090007127,다원중학교,37.21050721,127.1048231
S090007157,갈매중학교,37.6307988,127.1199091
S090007158,윤슬중학교,37.56342548,127.1815823
S090007189,송린중학교,37.27681304,126.822267
S090007219,청림중학교,37.17164271,127.1113514
S090007237,용이중학교,36.99799756,127.1350883
S090007238,남양주다산중학교,37.62784624,127.1587109
S090007242,동탄목동중학교,37.18861063,127.1264225
S090007253,매양중학교,37.36899691,127.2478043
S090007254,창성중학교,37.46072562,127.1540897
S090007256,이산중학교,37.19116497,127.0891727
S090007311,도당중학교,37.51804734,126.787367
S090007319,다산한강중학교,37.5992058,127.1753983
S090007324,배곧해솔중학교,37.36006848,126.7172337
S090007330,신백중학교,37.20343745,126.8302503
S090007332,서연중학교,37.16088657,127.1102152
S090007339,빛가온중학교,37.41214809,126.8837092
S090007376,향동중학교,37.60301142,126.8953017
S090007377,감일중학교,37.50118776,127.1623407
S090007395,수현중학교,37.22638096,126.9508227
S090007406,태전중학교,37.38001509,127.2276537
S090007440,지축중학교,37.65336369,126.9177423
S090007442,안산해솔중학교,37.28132907,126.8339796
S090007518,다산새봄중학교,37.61880373,127.1590195
S090007519,감일백제중학교,37.50986274,127.1509199
S090007521,화성세정중학교,37.16716681,127.1247594
S090007522,치동중학교,37.20853778,127.0916964
S090007572,민세중학교,37.05369948,127.0400319
S090007577,심학중학교,37.70995457,126.7170875
S090007580,나래중학교,37.63888658,126.6258995
S090007582,범박중학교,37.46901052,126.814668
S090007608,광교호수중학교,37.27270031,127.0639887
S090007613,향산중학교,37.61958072,126.749388
S090007626,덕은한강중학교,37.5821167,126.8686089
S090007627,모담중학교,37.65623241,126.6747635
S090007628,동삭중학교,37.01947742,127.1052777
S090007630,규장중학교,37.2425677,127.0202229
S090007654,하랑중학교,37.65003598,127.2552349
S090007669,판교대장중학교,37.36827897,127.0697175
S090007679,과천율목중학교,37.40785863,126.9822609
S090007866,가수중학교,37.14522236,127.0536825
S090007867,옥길새길중학교,37.4676236,126.8186476
S090007875,내손중학교,37.38499321,126.9781249
S090007878,화성상신중학교,37.09792485,126.8992901
S090007879,화담중학교,37.23192765,126.9428604
S090007883,해창중학교,37.03655418,127.0226964
S090007904,다율중학교,37.73858207,126.7280652
S090007913,훈민중학교,37.73627429,127.1120174
S090007917,화성신동중학교,37.17463775,127.1315327
S090007921,청연중학교,37.24217066,126.87423
S090007925,소사벌중학교,37.00665942,127.1083622
S090007928,시화나래중학교,37.32465657,126.6785656
S090007930,배다리중학교,37.00483365,127.1216313
S090007941,배곧라라중학교,37.3693389,126.7230306
S090008022,처인중학교,37.1537633,127.1686808
S090008023,도현중학교,37.34606329,127.2568644
